{"version":3,"hash":{"type":"Buffer","data":"2uQpTEj+5lxLnnPFaNwFibT40EmA5n59r+jp7C0pkMYygiCLfhFkYBFSIyYKmfPanPuFJnGhYpyQGv+8l3AcsRYFS14W7i0Q58zrjRQ640MRmiuKHdNWajT6G0OhO2n10M0CP0A23a5f36yqix90wWd3n6X74lo+0+M6r7HJDY0="},"indexValueMap":{"LTKOq0TAWsockZe/j54jmIHbDn3feAb1XQaKqwL1o3E=":{"valueMac":{"type":"Buffer","data":"ixAtenKkGvgjEB9jSMoel8U7UWgC/qbiAt2sLhNbV0Q="}},"w0DCFL/g0bGimr9KAfl0u18knR2XxYN2SJOuiJdqJdg=":{"valueMac":{"type":"Buffer","data":"nKpbFG0dK+l1mHll25isMj2xA/ybmJ0Dmmp9cOjaW1Q="}},"N3jDQEa11KwAMqS9v7wFgbzF6LlUxdzaAHfWGg0WLSQ=":{"valueMac":{"type":"Buffer","data":"yVHx84oN2cGjMg4Abv45jmBP6Vsy44hBUus6K+Dx/bY="}},"nrIT8uDbVQqoiIkq9fyxHWYmZjqQDxDN8cb/qPBJjaQ=":{"valueMac":{"type":"Buffer","data":"Hm3GZ3G3LZ3qJN9ajDBeWqUQK3SrEjp58GUYCruy1oA="}},"qlpr3EB0eYkCrkU9dRGbJyY06Ke5LlaK+caQzceem+E=":{"valueMac":{"type":"Buffer","data":"m9PPa/TYaiyfR80jAUs9TkGnh1AAg7OboqEB17EgGf8="}},"Tb+Z4gi94uxuPDUEJpPfLBiTzQgVtXI2yCR77uh9ams=":{"valueMac":{"type":"Buffer","data":"60V17io5M5TXToNLJ1nAuW9oMbustu7/b2mCoFGYDHw="}},"vXUA0QADQuYwhlPZU8ZAtd79XAi1lSqc4YpcX8zEnmw=":{"valueMac":{"type":"Buffer","data":"pQbH9a4Qcb/SSRPkawTkzGwQyTDFZNioroJtoUXVFgo="}},"8LbIHcDgov8T4P+6kraBj9FyPp3f1P39STk1+439RmE=":{"valueMac":{"type":"Buffer","data":"GaDsLZh3EF7Ll4UAzLH+BuDsOQ8WpClI7GACsQq5ilU="}}}}