{"version":2,"hash":{"type":"Buffer","data":"XiZmNYbt2V/fXAEYs8ZAJROnheWbWhd0eEDBiTmdTCEUy0AvwEuS2eE6/baprzU6k3H7WszE9d8RGdy2cousHjUFFiMd4quLZsGGK3NyuZ8EgneLdYw+wDg1Zi/S0T4vTtgqlmTTuuq260WyjPS6SLMEwnXN8gpwlTJbGplo/PY="},"indexValueMap":{"2lT0EQsyUY7IScSy8sr6F+L2EzZnepabn1QWUBvOqNM=":{"valueMac":{"type":"Buffer","data":"HLgGPN9E9UZvxDueGN/qvrAg0GYzpJgoHJfNk/FsAUU="}},"pMD4OkVlzizA4pWQpG7UzprjMU/eG2dJN9On5sb89Hk=":{"valueMac":{"type":"Buffer","data":"fwoVcx6s8PB1xjmeYnjrgW5v15Dn4mttwEqf0El1Nq4="}},"FJa5MF5zYPjOFcshP9rl9f7C2c6i4+Jox2tP0I2z3YU=":{"valueMac":{"type":"Buffer","data":"iQ4bs817sdulAZGUzNvB1i89nGp7tXyg+r3m1QFgcSQ="}},"i5v0v9ebKQa0nC0T8qA20vmK4UQJcQAm/A+TC7rqc6c=":{"valueMac":{"type":"Buffer","data":"KGWcs8bhv4GQ7U8VdPITSH8IYWGOpqgA5YkvrxIDhG0="}}}}