{"noiseKey":{"private":{"type":"Buffer","data":"sDILrVoGq/un5n6Met7IRrcqA3SqYbV8QdcTU+7PYGE="},"public":{"type":"Buffer","data":"v7lblpqtYvENHGUZxRXBRBwhmhY4aqDDDJWdJTi7pEM="}},"signedIdentityKey":{"private":{"type":"Buffer","data":"kE/aOV+chnI8Sics6Nwswg7o+y7YCuP6taXUXKcWKG8="},"public":{"type":"Buffer","data":"36dYOzoU1oQ7qIgT9i3zBdkAWNWWlYVnHaxAK/qi82Y="}},"signedPreKey":{"keyPair":{"private":{"type":"Buffer","data":"KNlpXXTAx8XBY/naT5TN1zfrHbBhnKBoeKW5AzMV+lg="},"public":{"type":"Buffer","data":"elyCjXTpsiLU5vb9N09HG+d3ayl03OtbrQNtASLMFhg="}},"signature":{"type":"Buffer","data":"2lGlW1b/bBVUutnB7JLwVQonw1yUI/CZcwqLBiF3w5cG+Xo9cEbGnMFX3+gzNlBfHTqB5jR3WFKIm2MTayZbjQ=="},"keyId":1},"registrationId":8,"advSecretKey":"fXB9+e6ZKPo6gEI10l69JECmT3Kwr/CpPKIaH4NLPcI=","processedHistoryMessages":[{"key":{"remoteJid":"6283836699843@s.whatsapp.net","fromMe":true,"id":"2CF6114402125DD01DAEE3A2EB14829B"},"messageTimestamp":1687849465},{"key":{"remoteJid":"6283836699843@s.whatsapp.net","fromMe":true,"id":"078EBB615312E6DCF0BF4E4C828E6757"},"messageTimestamp":1687849465},{"key":{"remoteJid":"6283836699843@s.whatsapp.net","fromMe":true,"id":"9F93F7504B1946914F1333EF716AC1B8"},"messageTimestamp":1687849469},{"key":{"remoteJid":"6283836699843@s.whatsapp.net","fromMe":true,"id":"6B3EF9685798149511E34BED99B1B0FB"},"messageTimestamp":1687849470}],"nextPreKeyId":31,"firstUnuploadedPreKeyId":31,"accountSyncCounter":1,"accountSettings":{"unarchiveChats":false},"account":{"details":"CMH5pbADEPOT6qQGGAc=","accountSignatureKey":"baoqeTSj/phwEga/+yXu9WWKnY70+D+qcQjdrAD2ygQ=","accountSignature":"wPIsO12Tazzce814ApRD/sp70lpZMmMqTGarLP1EfQp8iLGMIAib2Yh9YbLf8sPbXhf0e9ps9Bns8WIb30kjAQ==","deviceSignature":"NoizH7PcSCU8k3f0qQHj9c7ogsjC/bmTUpa0+SeUolc/gYTh/4ADgcBNnicLuy+2AMz0vMJlch/xnHd4UM4oig=="},"me":{"id":"6283836699843:13@s.whatsapp.net","name":"Rubzxza"},"signalIdentities":[{"identifier":{"name":"6283836699843:13@s.whatsapp.net","deviceId":0},"identifierKey":{"type":"Buffer","data":"BW2qKnk0o/6YcBIGv/sl7vVlip2O9Pg/qnEI3awA9soE"}}],"platform":"android","lastAccountSyncTimestamp":1688141009,"myAppStateKeyId":"AAAAAEvR"}