[{"senderKeyId":1025402654,"senderChainKey":{"iteration":9,"seed":"3Um2swkdd7KJ4ZGycGIjMOP435X8TCHotbBJU8ZImCo="},"senderSigningKey":{"public":"BSzBDlDVKGFb8eJnUn5xN8QzsOQfFd45AOv2iFOmX55v"},"senderMessageKeys":[]},{"senderKeyId":1560236882,"senderChainKey":{"iteration":10,"seed":"vslykKxCOPFWcLzjOLhibPgvHcTsWus8mi63zae2x3c="},"senderSigningKey":{"public":"BadFjh7myevzzUkLMP64zVw0UCBhsl3uu7sJFKdr1MBp"},"senderMessageKeys":[]},{"senderKeyId":446395156,"senderChainKey":{"iteration":3,"seed":"7fLao1m5T7OjA85SC/MEA4KezFlPV3jtR50IhruWl9A="},"senderSigningKey":{"public":"BUd4jwWrefAiLF+tOp5H0c0W7lJjVKbK9WzrYDnu7flP"},"senderMessageKeys":[]},{"senderKeyId":205314423,"senderChainKey":{"iteration":8,"seed":"a835qNfR1RISlCQWgPxdHP6iPniOuy1dLrp//C+qkg0="},"senderSigningKey":{"public":"BQMEaGsRzrh6Q96v3r69AI95igK6LkOHy+Kjut9geM5c"},"senderMessageKeys":[]},{"senderKeyId":349862210,"senderChainKey":{"iteration":15,"seed":"1NvLiXSNAeRE+G83c7n1zm5Zkw7urTpZcLg8m6bGcLM="},"senderSigningKey":{"public":"BQ8iUrtJV/asQLalM2x43RtHLnvkcH7s/dAo9MkCEe8t"},"senderMessageKeys":[]},{"senderKeyId":1244466970,"senderChainKey":{"iteration":8,"seed":"PapzvajobXemXfW7A7LBe6t0KJMRX79JWaBWVgh0k3Y="},"senderSigningKey":{"public":"BVb/IZWWKZ7vD4pgruMXjRt5ePwD/fMmTEZ6rhTaHRYq"},"senderMessageKeys":[]},{"senderKeyId":1525560260,"senderChainKey":{"iteration":11,"seed":"pHROq0bzC2WWCq1/D8mVLk/OYyOCHSsQRpf9FPDClxc="},"senderSigningKey":{"public":"BTx/z3ZWpP2HAzBSJSrVOUtFPns3jQosWUk/2BHgXUI4"},"senderMessageKeys":[{}]},{"senderKeyId":1540585288,"senderChainKey":{"iteration":8,"seed":"QK//cxm1h6y0sg1GMtDRrHDqOVuED8mSJPJ+uOYEtZ8="},"senderSigningKey":{"public":"BRM9mCF4RydQSr8tbpymwWCPR1+Y31PxDRIHvrJ2mx9Z"},"senderMessageKeys":[]}]