[{"senderKeyId":2020445482,"senderChainKey":{"iteration":17,"seed":"Oribqr3Iic3qLFlhiYFcDdJKwq5zIaEjsUwEj9heCWk="},"senderSigningKey":{"public":"BecEFG9hXQ1oRQOOkCZcDCHUcGCpNT3fzWdW7Xfj3Xla"},"senderMessageKeys":[]},{"senderKeyId":1016247595,"senderChainKey":{"iteration":3,"seed":"VPzFD2NxjMn+mTmjqLw2zb/ieYBuBHMO8r8OPl6oko4="},"senderSigningKey":{"public":"BaRROwuxeCX5zevZ3r6raaXze1N5OjCubqx5AYioKLoZ"},"senderMessageKeys":[]},{"senderKeyId":1698267719,"senderChainKey":{"iteration":8,"seed":"dxqD+8X2sCl24hOrBwpYLLNp+zbeq+DGm+2G76SQMF4="},"senderSigningKey":{"public":"BV9OYTEMqrjpks9euPXC1o9p7hticBPaR/e/5oQ+jnN8"},"senderMessageKeys":[]},{"senderKeyId":759073569,"senderChainKey":{"iteration":7,"seed":"XfQjyXn/vg+NV1ZYHSrsJjIyHpnEPm3DETTEhRfR70E="},"senderSigningKey":{"public":"BQLLjr/cH2lDcXp2XB/GFCj1nU3wFB1/pR5xrBlR3HEv"},"senderMessageKeys":[]}]