{"_sessions":{"BfZMmHjlwPq8TGYTrkkPEcWl0+z7PMsrelMTnjAEHnUO":{"registrationId":193221938,"currentRatchet":{"ephemeralKeyPair":{"pubKey":"BVDZqF53oIqtqzLBKfhniI+AQrsZuThwG06op1n4Ch5o","privKey":"SF8ZoAMUraE4vbqEyn+ZFRoLkMEI8Te7nvwKfjsZ5Eg="},"lastRemoteEphemeralKey":"BXdYQqCesHVjWuLLUCgIrxW4oTQKuaxPnvV0HttB7klW","previousCounter":0,"rootKey":"7qqwK7rERRO72RmKMu6KtODiH5LRD67+KIuQZjrdKJg="},"indexInfo":{"baseKey":"BfZMmHjlwPq8TGYTrkkPEcWl0+z7PMsrelMTnjAEHnUO","baseKeyType":1,"closed":-1,"used":1687937933764,"created":1687937933764,"remoteIdentityKey":"BTDCsNnLHRFPH+2QQrW9HSr3Oi/sDBk73tF1HJ3ezYht"},"_chains":{"BVDZqF53oIqtqzLBKfhniI+AQrsZuThwG06op1n4Ch5o":{"chainKey":{"counter":0,"key":"NOAs2pYZEt7YylHhUbxUxOJhdOHtt3pp5WjIgrLflOc="},"chainType":1,"messageKeys":{}}},"pendingPreKey":{"signedKeyId":3,"baseKey":"BfZMmHjlwPq8TGYTrkkPEcWl0+z7PMsrelMTnjAEHnUO","preKeyId":3016393}}},"version":"v1"}