{"_sessions":{"BXR/KrMR80/eXAEchycN1Sft4Z4cbR0ydACg5SDC+/5F":{"registrationId":20,"currentRatchet":{"ephemeralKeyPair":{"pubKey":"BU797mQJOZnkL4VrHrqcLJAEOtrSLDk/i40R+b6lji0L","privKey":"YDYg9iKomc/HWYnhmBEoKnnlsBlVsm95UHeRZC4vM34="},"lastRemoteEphemeralKey":"BXcAy0Ae0JndAu64/0KN4oYZUY8dfa+0ZSnSugpbpAQw","previousCounter":0,"rootKey":"xr7f3xGzUtbtzP7BQgpzQKZFNF+uOKwwLBaeBK6mjyw="},"indexInfo":{"baseKey":"BXR/KrMR80/eXAEchycN1Sft4Z4cbR0ydACg5SDC+/5F","baseKeyType":1,"closed":-1,"used":1687937933725,"created":1687937933725,"remoteIdentityKey":"BfwsWNJx1iTyDH5jW2wlORNuE9FdNExG3XkaubtqKMob"},"_chains":{"BU797mQJOZnkL4VrHrqcLJAEOtrSLDk/i40R+b6lji0L":{"chainKey":{"counter":0,"key":"xxz1k4lcdc3SAHar0Q6M4Ai2E7FytoB9wdwSWOy2BLo="},"chainType":1,"messageKeys":{}}},"pendingPreKey":{"signedKeyId":1,"baseKey":"BXR/KrMR80/eXAEchycN1Sft4Z4cbR0ydACg5SDC+/5F"}}},"version":"v1"}