{"_sessions":{"Bfw59jden2RPTNnq6Va5GKFrV4yk++pPBCuHTBb614IT":{"registrationId":699859114,"currentRatchet":{"ephemeralKeyPair":{"pubKey":"BbBKsOB4FpCpo4Phd30FSN9x8PFBCZU7sHlwHpbHxh4+","privKey":"gBo6sS0bzRU0QWSjvlJ9OECQMz/li/gM4YLBpUuMhWQ="},"lastRemoteEphemeralKey":"BfsQahuw6V8fBaol7J/G8/UUR89QJ86ADJw1BRdZx8tJ","previousCounter":0,"rootKey":"JtFfD/mloZDJgg4vEansq8MpCQ1rDNefzCB3BGhpgeY="},"indexInfo":{"baseKey":"Bfw59jden2RPTNnq6Va5GKFrV4yk++pPBCuHTBb614IT","baseKeyType":1,"closed":-1,"used":1687934483170,"created":1687849486126,"remoteIdentityKey":"BZXsIDMNBcQiOLXwZVAsO750G7qsNP/Q++/mTkWjfOF8"},"_chains":{"BfsQahuw6V8fBaol7J/G8/UUR89QJ86ADJw1BRdZx8tJ":{"chainKey":{"counter":15,"key":"1bM9KmNIBbwKaGH7ZZoDsdfWIsDS08baBLVnDhoSGgo="},"chainType":2,"messageKeys":{}},"BbBKsOB4FpCpo4Phd30FSN9x8PFBCZU7sHlwHpbHxh4+":{"chainKey":{"counter":-1,"key":"Jr+5UtClUN5yRlJN7uIZMx5OLjkSazUT5VEa8RVkBWY="},"chainType":1,"messageKeys":{}}}}},"version":"v1"}