{"_sessions":{"BVPEKEeeMKxB/WFx+Dn6b329x7yXteI0fm3uH3Ha0ZN4":{"registrationId":1730693424,"currentRatchet":{"ephemeralKeyPair":{"pubKey":"BVjZzZRWXOh4l1ZgO4tBKqzTuIIAMZXp2e+x4DFSGHQ9","privKey":"uAcnM63s4NPOdr2tWMApNA1ZtXplywy6BFZrn/nAm3s="},"lastRemoteEphemeralKey":"BaxR2Ldsf3TOA33KT/QMgpohqFZUFMN8n/M2Yr7rsoVY","previousCounter":0,"rootKey":"k8XjFb4PYWjpKDAqgPEkMD9h17O+lYllkT1Hgb4OsqM="},"indexInfo":{"baseKey":"BVPEKEeeMKxB/WFx+Dn6b329x7yXteI0fm3uH3Ha0ZN4","baseKeyType":2,"closed":-1,"used":1687934482063,"created":1687934482063,"remoteIdentityKey":"BUztv4RQ+cTvcQoYVdU17XsYMPQhzyMYC3dfD5u0RMkK"},"_chains":{"BaxR2Ldsf3TOA33KT/QMgpohqFZUFMN8n/M2Yr7rsoVY":{"chainKey":{"counter":8,"key":"k9wOsif4oqjwHJPo/cPFtSrgIrGNVP0oGVZCkjm8gFM="},"chainType":2,"messageKeys":{"3":"JkfnohPm8CB9nITU1aP4q/tPPv4wbt0e2OaZIo/I2D0="}},"BVjZzZRWXOh4l1ZgO4tBKqzTuIIAMZXp2e+x4DFSGHQ9":{"chainKey":{"counter":-1,"key":"PQe6CZWNNGaK79mP5W9QAA05BDE1VULWpQYtlcigkLM="},"chainType":1,"messageKeys":{}}}}},"version":"v1"}