{"_sessions":{"BTjxpFOz2BL4GCK8MmOt9d6RpuAqSzuMRYjqCZx9fpg/":{"registrationId":1465401587,"currentRatchet":{"ephemeralKeyPair":{"pubKey":"BSgwrjdZf5uQitdLMb+ktbaZnm7N93YEc+nhEMuBy9xO","privKey":"YNWl+a32IM+KXa5CoYrAmCz7lZzksjR4nkLj5ycUxn4="},"lastRemoteEphemeralKey":"BSQvAkeW4/Gl98VciPT3u7xmZTBp6IsPVZ+ydt1rkqc4","previousCounter":0,"rootKey":"uMHENbrnfghSBcXAvaLo6u3HN8rY2m8IoTkmny47LOs="},"indexInfo":{"baseKey":"BTjxpFOz2BL4GCK8MmOt9d6RpuAqSzuMRYjqCZx9fpg/","baseKeyType":1,"closed":1688205748558,"used":1688205748417,"created":1688205748417,"remoteIdentityKey":"BS1mBBovtCUp1TsHH1A7REV8+yVUERu2ngWToINsGDdZ"},"_chains":{"BSgwrjdZf5uQitdLMb+ktbaZnm7N93YEc+nhEMuBy9xO":{"chainKey":{"counter":0,"key":"zRISLthqAnIdvaAky9PFdx092BZCpiQuk+iiqBmzFYA="},"chainType":1,"messageKeys":{}}},"pendingPreKey":{"signedKeyId":2,"baseKey":"BTjxpFOz2BL4GCK8MmOt9d6RpuAqSzuMRYjqCZx9fpg/","preKeyId":424163}},"BYFeUJuA1mN4seBMofimYZbUozx9/1lKjArDXXWW8nBl":{"registrationId":1465401587,"currentRatchet":{"ephemeralKeyPair":{"pubKey":"BUFZ8flpeBhSqTDX+kTXcBu4zzE/PO8cYJgxZJZgVTxz","privKey":"oB/enUox9Cco9lVde9IPyctmEh6oOh283ekxUXUhZ1A="},"lastRemoteEphemeralKey":"BSQvAkeW4/Gl98VciPT3u7xmZTBp6IsPVZ+ydt1rkqc4","previousCounter":0,"rootKey":"HJpu6+0lwITeE61VfsmRIBfPHP5FPuCkDeocFkIfFes="},"indexInfo":{"baseKey":"BYFeUJuA1mN4seBMofimYZbUozx9/1lKjArDXXWW8nBl","baseKeyType":1,"closed":1688205748614,"used":1688205748556,"created":1688205748556,"remoteIdentityKey":"BS1mBBovtCUp1TsHH1A7REV8+yVUERu2ngWToINsGDdZ"},"_chains":{"BUFZ8flpeBhSqTDX+kTXcBu4zzE/PO8cYJgxZJZgVTxz":{"chainKey":{"counter":0,"key":"+YTINzfMk3zme65+IVg8AC9EQGfeFyJarb/MfZWz1DM="},"chainType":1,"messageKeys":{}}},"pendingPreKey":{"signedKeyId":2,"baseKey":"BYFeUJuA1mN4seBMofimYZbUozx9/1lKjArDXXWW8nBl","preKeyId":423507}},"BX3J6v7d/bXZy5SDPk4baiLdoGHkXYSHq9sUeH/GZwIU":{"registrationId":1465401587,"currentRatchet":{"ephemeralKeyPair":{"pubKey":"BSEbSpvAhSOVA0CIgyjSzTSWf7PYK29i68Pt5wIeuRYJ","privKey":"WPcWnydIH/kXVVDaTI5la2PZIxHGt8L4gmxwNNbG2FI="},"lastRemoteEphemeralKey":"BSQvAkeW4/Gl98VciPT3u7xmZTBp6IsPVZ+ydt1rkqc4","previousCounter":0,"rootKey":"jtRxOUDUOKbkSqYq0qV0fwyM6NSD48oPonwKt09yJoo="},"indexInfo":{"baseKey":"BX3J6v7d/bXZy5SDPk4baiLdoGHkXYSHq9sUeH/GZwIU","baseKeyType":1,"closed":1688205748655,"used":1688205748612,"created":1688205748612,"remoteIdentityKey":"BS1mBBovtCUp1TsHH1A7REV8+yVUERu2ngWToINsGDdZ"},"_chains":{"BSEbSpvAhSOVA0CIgyjSzTSWf7PYK29i68Pt5wIeuRYJ":{"chainKey":{"counter":0,"key":"28DeOmqgCDfqxjZilqCxAVWfzz7ToZ0JjbOf3HMugdc="},"chainType":1,"messageKeys":{}}},"pendingPreKey":{"signedKeyId":2,"baseKey":"BX3J6v7d/bXZy5SDPk4baiLdoGHkXYSHq9sUeH/GZwIU","preKeyId":424196}},"BVT33U/SdSoVCWWs0gxUceqGr4xjNfYWB+8B80s54d1b":{"registrationId":1465401587,"currentRatchet":{"ephemeralKeyPair":{"pubKey":"BbndTx5BEw5xNHDvA0bRhMFUUZSOWKJjgAw7Sq2pVHgs","privKey":"YKFlkIzeQyveA3z2hqDl/hP2U9g6pCvvx2FZzjvJBGc="},"lastRemoteEphemeralKey":"BSQvAkeW4/Gl98VciPT3u7xmZTBp6IsPVZ+ydt1rkqc4","previousCounter":0,"rootKey":"AUN/fT0EDOsMwUYIDZUtK9uKV3yo2kbv+btz8e5WHTY="},"indexInfo":{"baseKey":"BVT33U/SdSoVCWWs0gxUceqGr4xjNfYWB+8B80s54d1b","baseKeyType":1,"closed":1688205748689,"used":1688205748652,"created":1688205748652,"remoteIdentityKey":"BS1mBBovtCUp1TsHH1A7REV8+yVUERu2ngWToINsGDdZ"},"_chains":{"BbndTx5BEw5xNHDvA0bRhMFUUZSOWKJjgAw7Sq2pVHgs":{"chainKey":{"counter":0,"key":"pL84b9GyLbal2rfjRXlA9/yObNqrJTZLWEJqmb5SO9c="},"chainType":1,"messageKeys":{}}},"pendingPreKey":{"signedKeyId":2,"baseKey":"BVT33U/SdSoVCWWs0gxUceqGr4xjNfYWB+8B80s54d1b","preKeyId":423471}},"BbdNOe40GeE75QunDzcbdNqbANNR+gKoFfOTzY8dqKlx":{"registrationId":1465401587,"currentRatchet":{"ephemeralKeyPair":{"pubKey":"BViIrRPQsO3UbEPZA8fcGI9XsESUayRLh7uonZDpyxAV","privKey":"yDgzsM5Q8IzauL1xb6/vMQ4jR0xitwQizlnopYH4oE4="},"lastRemoteEphemeralKey":"BSQvAkeW4/Gl98VciPT3u7xmZTBp6IsPVZ+ydt1rkqc4","previousCounter":0,"rootKey":"g7tBcRUXzodHdIGLt7FAFki8wgM15giE4bTF+ZHGqag="},"indexInfo":{"baseKey":"BbdNOe40GeE75QunDzcbdNqbANNR+gKoFfOTzY8dqKlx","baseKeyType":1,"closed":1688205748728,"used":1688205748686,"created":1688205748686,"remoteIdentityKey":"BS1mBBovtCUp1TsHH1A7REV8+yVUERu2ngWToINsGDdZ"},"_chains":{"BViIrRPQsO3UbEPZA8fcGI9XsESUayRLh7uonZDpyxAV":{"chainKey":{"counter":0,"key":"lf3W+bTMlBXKjZiMTgzEfEBXtVQQ+KqIsapc9p6Gg2E="},"chainType":1,"messageKeys":{}}},"pendingPreKey":{"signedKeyId":2,"baseKey":"BbdNOe40GeE75QunDzcbdNqbANNR+gKoFfOTzY8dqKlx","preKeyId":423422}},"BSYNBgNYKpMbls8b0YoUDY1wrK01E5uqBj7XGf5fK4h4":{"registrationId":1465401587,"currentRatchet":{"ephemeralKeyPair":{"pubKey":"Bfggt1t6VpAj51ItxMKhZyzQkPgk5DZXEH361Qa7wR8D","privKey":"WLy0doegDYUq0HNfW4UHsbuV5fPRVZWc5XFa5wbxOW4="},"lastRemoteEphemeralKey":"BSQvAkeW4/Gl98VciPT3u7xmZTBp6IsPVZ+ydt1rkqc4","previousCounter":0,"rootKey":"JpETv7AqJVWPuqAglPuhNstEyym4Clq+Bffy2w1nByc="},"indexInfo":{"baseKey":"BSYNBgNYKpMbls8b0YoUDY1wrK01E5uqBj7XGf5fK4h4","baseKeyType":1,"closed":1688205748765,"used":1688205748726,"created":1688205748726,"remoteIdentityKey":"BS1mBBovtCUp1TsHH1A7REV8+yVUERu2ngWToINsGDdZ"},"_chains":{"Bfggt1t6VpAj51ItxMKhZyzQkPgk5DZXEH361Qa7wR8D":{"chainKey":{"counter":0,"key":"YCcXFPXSF7rK7TF2joCcsXnHFfbTdSsmvVydp+FcVnk="},"chainType":1,"messageKeys":{}}},"pendingPreKey":{"signedKeyId":2,"baseKey":"BSYNBgNYKpMbls8b0YoUDY1wrK01E5uqBj7XGf5fK4h4","preKeyId":423486}},"BdeHEQ27AM8/JNE2cFGibzp6XnJB1E2muGcZS+u3Rb5F":{"registrationId":1465401587,"currentRatchet":{"ephemeralKeyPair":{"pubKey":"BVBrcTc+dSSY9CsVq/uQ7WaZEmxm9sWpQZvNSD0rBLFE","privKey":"kHoN3Q3E/RMj94NwgyXeOHwpI/FA6Tr1JZSBNHmSHHs="},"lastRemoteEphemeralKey":"BSQvAkeW4/Gl98VciPT3u7xmZTBp6IsPVZ+ydt1rkqc4","previousCounter":0,"rootKey":"m+uzEnXyyv5LM+5NvsX1XruHS9S5XcDvQiB6Txj6H1U="},"indexInfo":{"baseKey":"BdeHEQ27AM8/JNE2cFGibzp6XnJB1E2muGcZS+u3Rb5F","baseKeyType":1,"closed":1688205748804,"used":1688205748763,"created":1688205748763,"remoteIdentityKey":"BS1mBBovtCUp1TsHH1A7REV8+yVUERu2ngWToINsGDdZ"},"_chains":{"BVBrcTc+dSSY9CsVq/uQ7WaZEmxm9sWpQZvNSD0rBLFE":{"chainKey":{"counter":0,"key":"IyPWAYBGlv1Ex0AB0xT24k6JD/djhoeTKl1sbj3Ro14="},"chainType":1,"messageKeys":{}}},"pendingPreKey":{"signedKeyId":2,"baseKey":"BdeHEQ27AM8/JNE2cFGibzp6XnJB1E2muGcZS+u3Rb5F","preKeyId":423443}},"BQjKV3j3MrAwhxCyoHb9okChPf7fcVPpHyzjsoiSGhAV":{"registrationId":1465401587,"currentRatchet":{"ephemeralKeyPair":{"pubKey":"BSJoFF6pnEB1DJbGRVmJpYmIGROP8tdJfWHl15LyivMv","privKey":"QOw2q5AcoPBsH2hkLzog/H44cUB9zYdxri5BJF9jmlE="},"lastRemoteEphemeralKey":"BSQvAkeW4/Gl98VciPT3u7xmZTBp6IsPVZ+ydt1rkqc4","previousCounter":0,"rootKey":"Ajv7kAegqK9FW+yuZ3U2o3DwT37bYdpfFol+aIHoT1g="},"indexInfo":{"baseKey":"BQjKV3j3MrAwhxCyoHb9okChPf7fcVPpHyzjsoiSGhAV","baseKeyType":1,"closed":1688205748841,"used":1688205748802,"created":1688205748802,"remoteIdentityKey":"BS1mBBovtCUp1TsHH1A7REV8+yVUERu2ngWToINsGDdZ"},"_chains":{"BSJoFF6pnEB1DJbGRVmJpYmIGROP8tdJfWHl15LyivMv":{"chainKey":{"counter":0,"key":"JAyjsdp/EaCnruL24srzAuKt+frWdEfenloVFri7Ls4="},"chainType":1,"messageKeys":{}}},"pendingPreKey":{"signedKeyId":2,"baseKey":"BQjKV3j3MrAwhxCyoHb9okChPf7fcVPpHyzjsoiSGhAV","preKeyId":423409}},"BeFWf2J7Bgl/XFIDOnEV+V8Sl58QhFawVI4wHVo4fgV7":{"registrationId":1465401587,"currentRatchet":{"ephemeralKeyPair":{"pubKey":"BeWKcaqriD7iFyc874Lxcnyne4Zob21NcU1ikvSXeeRw","privKey":"cFdYQxtFKjvA5zFfpeHPdNfElO9uMfJzskG8VOC06WM="},"lastRemoteEphemeralKey":"BSQvAkeW4/Gl98VciPT3u7xmZTBp6IsPVZ+ydt1rkqc4","previousCounter":0,"rootKey":"d8tryas68nxh//COwpH0S6fOgtTUIDLje8uHM9Tip80="},"indexInfo":{"baseKey":"BeFWf2J7Bgl/XFIDOnEV+V8Sl58QhFawVI4wHVo4fgV7","baseKeyType":1,"closed":1688205748869,"used":1688205748839,"created":1688205748839,"remoteIdentityKey":"BS1mBBovtCUp1TsHH1A7REV8+yVUERu2ngWToINsGDdZ"},"_chains":{"BeWKcaqriD7iFyc874Lxcnyne4Zob21NcU1ikvSXeeRw":{"chainKey":{"counter":-1,"key":"kCmO5qgv999VKexUmx6SvjjyxAvzkE6pQT72PcMqFD8="},"chainType":1,"messageKeys":{}}},"pendingPreKey":{"signedKeyId":2,"baseKey":"BeFWf2J7Bgl/XFIDOnEV+V8Sl58QhFawVI4wHVo4fgV7","preKeyId":424170}},"Bbs4AqUPEk9n862CKB4itk8hgkKbXduLqLyrY4D9OQwE":{"registrationId":1465401587,"currentRatchet":{"ephemeralKeyPair":{"pubKey":"BWWfGhIMNnDKQCkCqNzX6uFkVHoXRa/1vOtTYXrKHaJa","privKey":"uHA6z2jbJDZ7weAJLjs73fmKSmlY00eTkbIDRTbzKHg="},"lastRemoteEphemeralKey":"BSQvAkeW4/Gl98VciPT3u7xmZTBp6IsPVZ+ydt1rkqc4","previousCounter":0,"rootKey":"cRWutPB7EiXZ/4aoo0kP9c2nOHNXE4c7tcaQTy9X/0I="},"indexInfo":{"baseKey":"Bbs4AqUPEk9n862CKB4itk8hgkKbXduLqLyrY4D9OQwE","baseKeyType":1,"closed":1688205748908,"used":1688205748867,"created":1688205748867,"remoteIdentityKey":"BS1mBBovtCUp1TsHH1A7REV8+yVUERu2ngWToINsGDdZ"},"_chains":{"BWWfGhIMNnDKQCkCqNzX6uFkVHoXRa/1vOtTYXrKHaJa":{"chainKey":{"counter":1,"key":"+nU10UvqEvl0hmvgNSyXHuTjrcEDmpDd9034RiM49+0="},"chainType":1,"messageKeys":{}}},"pendingPreKey":{"signedKeyId":2,"baseKey":"Bbs4AqUPEk9n862CKB4itk8hgkKbXduLqLyrY4D9OQwE","preKeyId":424129}},"BY8AkDMbAZ43p0C0BoRpbYrbyD+fUDkroxTrofTtnRJn":{"registrationId":1465401587,"currentRatchet":{"ephemeralKeyPair":{"pubKey":"Ba+dhWP0ja2n6GujGOAyCYds9Pd0ori3iJ8WH2n9D3lC","privKey":"oPoVR2pBwT2U/m+X+Sqb8xE/co9EFKS3dWTzDl5CXmY="},"lastRemoteEphemeralKey":"BSQvAkeW4/Gl98VciPT3u7xmZTBp6IsPVZ+ydt1rkqc4","previousCounter":0,"rootKey":"QuT24avy16SJyPuPJqrkscytASfw3z1HVuNvn+u6bjo="},"indexInfo":{"baseKey":"BY8AkDMbAZ43p0C0BoRpbYrbyD+fUDkroxTrofTtnRJn","baseKeyType":1,"closed":1688205748936,"used":1688205748907,"created":1688205748907,"remoteIdentityKey":"BS1mBBovtCUp1TsHH1A7REV8+yVUERu2ngWToINsGDdZ"},"_chains":{"Ba+dhWP0ja2n6GujGOAyCYds9Pd0ori3iJ8WH2n9D3lC":{"chainKey":{"counter":-1,"key":"5Q2y4/XBEiYurKco6ZJiSDbj/uATo/XSxBeCW4LZroE="},"chainType":1,"messageKeys":{}}},"pendingPreKey":{"signedKeyId":2,"baseKey":"BY8AkDMbAZ43p0C0BoRpbYrbyD+fUDkroxTrofTtnRJn","preKeyId":424182}},"BeTs28Jb5qkHKKS2v5L6oOdNTNb93D1nBjPX8cFIILES":{"registrationId":1465401587,"currentRatchet":{"ephemeralKeyPair":{"pubKey":"BbZYSI63FAxaO/lP4K3fYhcyZ2Gu1BFgYjBY/n889aJ0","privKey":"uDTtToKbRH2jq+16U2jnObzJtuzpTdjILLSkvLWsRnI="},"lastRemoteEphemeralKey":"BSQvAkeW4/Gl98VciPT3u7xmZTBp6IsPVZ+ydt1rkqc4","previousCounter":0,"rootKey":"QOBo1VjWggCogUVfT57qa7+JvycJovFeJv0vUaRDqyE="},"indexInfo":{"baseKey":"BeTs28Jb5qkHKKS2v5L6oOdNTNb93D1nBjPX8cFIILES","baseKeyType":1,"closed":1688205748967,"used":1688205748934,"created":1688205748934,"remoteIdentityKey":"BS1mBBovtCUp1TsHH1A7REV8+yVUERu2ngWToINsGDdZ"},"_chains":{"BbZYSI63FAxaO/lP4K3fYhcyZ2Gu1BFgYjBY/n889aJ0":{"chainKey":{"counter":-1,"key":"lvVgJW7UpLij7KP5qy1Cq4+1NVMHcO+ASGvgKn6//Gg="},"chainType":1,"messageKeys":{}}},"pendingPreKey":{"signedKeyId":2,"baseKey":"BeTs28Jb5qkHKKS2v5L6oOdNTNb93D1nBjPX8cFIILES","preKeyId":424222}},"BaXnVN71RfzNQZLs2WYTggxlVatgKuYIyXmngmjgGgk5":{"registrationId":1465401587,"currentRatchet":{"ephemeralKeyPair":{"pubKey":"BdJzkJthTL9Pq21LvGIx7H2mKOKF3ctgELmeVE49lrRp","privKey":"uCdUC7rEmxShBH6mO6l0pkqUntAnwzu5fC74qhZ3dE0="},"lastRemoteEphemeralKey":"BSQvAkeW4/Gl98VciPT3u7xmZTBp6IsPVZ+ydt1rkqc4","previousCounter":0,"rootKey":"FJGhLehRcHfbI2rRGBURw8CTkkTJSqjmbUPEKVVrXx8="},"indexInfo":{"baseKey":"BaXnVN71RfzNQZLs2WYTggxlVatgKuYIyXmngmjgGgk5","baseKeyType":1,"closed":1688205749013,"used":1688205748963,"created":1688205748963,"remoteIdentityKey":"BS1mBBovtCUp1TsHH1A7REV8+yVUERu2ngWToINsGDdZ"},"_chains":{"BdJzkJthTL9Pq21LvGIx7H2mKOKF3ctgELmeVE49lrRp":{"chainKey":{"counter":2,"key":"/VrDZ/TBbeUXvLBqm6C2VEmKbBBquEtDCP215nfBG/s="},"chainType":1,"messageKeys":{}}},"pendingPreKey":{"signedKeyId":2,"baseKey":"BaXnVN71RfzNQZLs2WYTggxlVatgKuYIyXmngmjgGgk5","preKeyId":423454}},"BW7KdFIgnIPpneVQhkrIKQbTU4AxCsc2wYjNt8nSGkg3":{"registrationId":1465401587,"currentRatchet":{"ephemeralKeyPair":{"pubKey":"BfH6V+vj0huEP4WPVystHoV8/+wL3WVW17tSdH2I31NT","privKey":"+F3woJsAT8Vr1vdFjURy1DOcBdPu5MlSJ05BqI3Ftl0="},"lastRemoteEphemeralKey":"BSQvAkeW4/Gl98VciPT3u7xmZTBp6IsPVZ+ydt1rkqc4","previousCounter":0,"rootKey":"hu1xEJiMpCdYkQsgiMIztlu+6REYJO3KIE5InFIYU8s="},"indexInfo":{"baseKey":"BW7KdFIgnIPpneVQhkrIKQbTU4AxCsc2wYjNt8nSGkg3","baseKeyType":1,"closed":1688205749040,"used":1688205749012,"created":1688205749012,"remoteIdentityKey":"BS1mBBovtCUp1TsHH1A7REV8+yVUERu2ngWToINsGDdZ"},"_chains":{"BfH6V+vj0huEP4WPVystHoV8/+wL3WVW17tSdH2I31NT":{"chainKey":{"counter":-1,"key":"JW7HWYXpSReGybKeFDK8spVF9dfcB6BY4NUJEiUUX5Q="},"chainType":1,"messageKeys":{}}},"pendingPreKey":{"signedKeyId":2,"baseKey":"BW7KdFIgnIPpneVQhkrIKQbTU4AxCsc2wYjNt8nSGkg3","preKeyId":424150}},"BdT+rISUtFBYbYzLF/Fyv1o3WdebO7I9Zvn8BDjo1bAJ":{"registrationId":1465401587,"currentRatchet":{"ephemeralKeyPair":{"pubKey":"BRng/Mdgne/Ebz/1cpgCYzOg8H/zoNIVByF92eIPM+de","privKey":"SD8HV5Lrs7WhJfCtlPreCqWO4WChjrJ2sReyKdBxDF4="},"lastRemoteEphemeralKey":"BSQvAkeW4/Gl98VciPT3u7xmZTBp6IsPVZ+ydt1rkqc4","previousCounter":0,"rootKey":"5MfAafonnPWjaggIRSSVA8Y3kSMJqSdaAEDXIh2iaTo="},"indexInfo":{"baseKey":"BdT+rISUtFBYbYzLF/Fyv1o3WdebO7I9Zvn8BDjo1bAJ","baseKeyType":1,"closed":1688205749071,"used":1688205749038,"created":1688205749038,"remoteIdentityKey":"BS1mBBovtCUp1TsHH1A7REV8+yVUERu2ngWToINsGDdZ"},"_chains":{"BRng/Mdgne/Ebz/1cpgCYzOg8H/zoNIVByF92eIPM+de":{"chainKey":{"counter":-1,"key":"S3SFhScRzPO5Aigekz/VzFUUEVGg44vwVVZvSMMy6eE="},"chainType":1,"messageKeys":{}}},"pendingPreKey":{"signedKeyId":2,"baseKey":"BdT+rISUtFBYbYzLF/Fyv1o3WdebO7I9Zvn8BDjo1bAJ","preKeyId":423453}},"BZqZyIN7gMeB00TzBNVK7mId3hkSZbUTCDdWtm+CyWlk":{"registrationId":1465401587,"currentRatchet":{"ephemeralKeyPair":{"pubKey":"BcL3oextn+bpp/UpvTCoUWJ0y21d0glg1Y+VI/GAQJF5","privKey":"aMjzLzVlLnsw8DbP9SoP7+QXwrGLSoOCNbuYM9NnZ1k="},"lastRemoteEphemeralKey":"BSQvAkeW4/Gl98VciPT3u7xmZTBp6IsPVZ+ydt1rkqc4","previousCounter":0,"rootKey":"7yWvjJufkdO+yS5P9NlY1v0gfRPj3zoHwgKzO2hhhmw="},"indexInfo":{"baseKey":"BZqZyIN7gMeB00TzBNVK7mId3hkSZbUTCDdWtm+CyWlk","baseKeyType":1,"closed":1688205749107,"used":1688205749067,"created":1688205749067,"remoteIdentityKey":"BS1mBBovtCUp1TsHH1A7REV8+yVUERu2ngWToINsGDdZ"},"_chains":{"BcL3oextn+bpp/UpvTCoUWJ0y21d0glg1Y+VI/GAQJF5":{"chainKey":{"counter":-1,"key":"f7Zz6nme42j+97eZSPk0vEvib+7Otqf+fLVQyWXJkRw="},"chainType":1,"messageKeys":{}}},"pendingPreKey":{"signedKeyId":2,"baseKey":"BZqZyIN7gMeB00TzBNVK7mId3hkSZbUTCDdWtm+CyWlk","preKeyId":424212}},"BWEv/yrmaoXtFsjX4fgNBwR3JDREEfpH/qmvRzqNLMZR":{"registrationId":1465401587,"currentRatchet":{"ephemeralKeyPair":{"pubKey":"BRCC8Q3BRLbvO0kaIYMywJrO+aK0qqKQggPfeLk0p+JA","privKey":"KJdE4xOOD7AXIC4FX3ACI90qPpwqyiBwCNWnJp3s11E="},"lastRemoteEphemeralKey":"BSQvAkeW4/Gl98VciPT3u7xmZTBp6IsPVZ+ydt1rkqc4","previousCounter":0,"rootKey":"1IM+PuYKH8a17s54n0gdQfhXHRs4ZQIzRjvPWwkJBL0="},"indexInfo":{"baseKey":"BWEv/yrmaoXtFsjX4fgNBwR3JDREEfpH/qmvRzqNLMZR","baseKeyType":1,"closed":1688205749156,"used":1688205749104,"created":1688205749104,"remoteIdentityKey":"BS1mBBovtCUp1TsHH1A7REV8+yVUERu2ngWToINsGDdZ"},"_chains":{"BRCC8Q3BRLbvO0kaIYMywJrO+aK0qqKQggPfeLk0p+JA":{"chainKey":{"counter":3,"key":"p6QMQMrzq467GEgfM65jxaq7KPb8s14QM+hS4bFfKeI="},"chainType":1,"messageKeys":{}}},"pendingPreKey":{"signedKeyId":2,"baseKey":"BWEv/yrmaoXtFsjX4fgNBwR3JDREEfpH/qmvRzqNLMZR","preKeyId":424227}},"BbfeQn8Y6FP3Q1DJAsYspJGFgLXqQNoTJDxOnwB7SZVN":{"registrationId":1465401587,"currentRatchet":{"ephemeralKeyPair":{"pubKey":"BUt/+ADBlZsgY3EApiA/4P4Cui1iuW5x7iDW0n//fPdK","privKey":"2B6jWG7O4jOuVSE43sbF0zrzJIGM3On++KA2TNnr12o="},"lastRemoteEphemeralKey":"BSQvAkeW4/Gl98VciPT3u7xmZTBp6IsPVZ+ydt1rkqc4","previousCounter":0,"rootKey":"wfau2gCQGgkcanXpDgcj/Ix7N3vy2A/u+VtKrJOC8Sk="},"indexInfo":{"baseKey":"BbfeQn8Y6FP3Q1DJAsYspJGFgLXqQNoTJDxOnwB7SZVN","baseKeyType":1,"closed":1688205749189,"used":1688205749154,"created":1688205749154,"remoteIdentityKey":"BS1mBBovtCUp1TsHH1A7REV8+yVUERu2ngWToINsGDdZ"},"_chains":{"BUt/+ADBlZsgY3EApiA/4P4Cui1iuW5x7iDW0n//fPdK":{"chainKey":{"counter":0,"key":"/d2OYtMar0ieFgm+y7t2U+5BK9fGNKRNs759T9wbs00="},"chainType":1,"messageKeys":{}}},"pendingPreKey":{"signedKeyId":2,"baseKey":"BbfeQn8Y6FP3Q1DJAsYspJGFgLXqQNoTJDxOnwB7SZVN","preKeyId":423444}},"BelmldLE/ZmWTcFEuUlyyxMW40HK18c1JGoHeiDjQbYF":{"registrationId":1465401587,"currentRatchet":{"ephemeralKeyPair":{"pubKey":"BWiDchD1fkqnWSIRMR+yWNHnyWuOuOXsvkKBne7uZxoS","privKey":"iLR9RejEyMLwdBqZlxpcxWT6t4spDcBSGkqG3KOpMXo="},"lastRemoteEphemeralKey":"BSQvAkeW4/Gl98VciPT3u7xmZTBp6IsPVZ+ydt1rkqc4","previousCounter":0,"rootKey":"ASnvt/cai1Qv6/VKysQcvjoEeaMNs5HgOEeaGVN8Qe8="},"indexInfo":{"baseKey":"BelmldLE/ZmWTcFEuUlyyxMW40HK18c1JGoHeiDjQbYF","baseKeyType":1,"closed":1688205749215,"used":1688205749187,"created":1688205749187,"remoteIdentityKey":"BS1mBBovtCUp1TsHH1A7REV8+yVUERu2ngWToINsGDdZ"},"_chains":{"BWiDchD1fkqnWSIRMR+yWNHnyWuOuOXsvkKBne7uZxoS":{"chainKey":{"counter":-1,"key":"oRgAwD3BA13OuTWMupGlIICZfGfz59RF8y5Rvg197Cs="},"chainType":1,"messageKeys":{}}},"pendingPreKey":{"signedKeyId":2,"baseKey":"BelmldLE/ZmWTcFEuUlyyxMW40HK18c1JGoHeiDjQbYF","preKeyId":424230}},"Ba1DazTmvItw8AOHU9nlY6mVXEbPWX4Ur/vXuoeqOHgC":{"registrationId":1465401587,"currentRatchet":{"ephemeralKeyPair":{"pubKey":"BZeqo+ih/ShWHK3I+Hxz0CXya+hEDP1+PUaxlRFVxFgl","privKey":"2AhOkdEkkOv6xzGiWnA6K7vaGaL8um6iEp32h5KpRV8="},"lastRemoteEphemeralKey":"BSQvAkeW4/Gl98VciPT3u7xmZTBp6IsPVZ+ydt1rkqc4","previousCounter":0,"rootKey":"NR0AtR4TmcVaceH9xo4fzFmklrNC+x15aZ7dLTCXAXc="},"indexInfo":{"baseKey":"Ba1DazTmvItw8AOHU9nlY6mVXEbPWX4Ur/vXuoeqOHgC","baseKeyType":1,"closed":1688205749245,"used":1688205749214,"created":1688205749213,"remoteIdentityKey":"BS1mBBovtCUp1TsHH1A7REV8+yVUERu2ngWToINsGDdZ"},"_chains":{"BZeqo+ih/ShWHK3I+Hxz0CXya+hEDP1+PUaxlRFVxFgl":{"chainKey":{"counter":-1,"key":"gnz4zmfDDrwsIZDDlQV1GGEWlgE7GWudlnXmr963QQ0="},"chainType":1,"messageKeys":{}}},"pendingPreKey":{"signedKeyId":2,"baseKey":"Ba1DazTmvItw8AOHU9nlY6mVXEbPWX4Ur/vXuoeqOHgC","preKeyId":423440}},"Bf3qZfkUD0m2oBSi3i9g7z0auVj2w28Onuscv4yqyh0l":{"registrationId":1465401587,"currentRatchet":{"ephemeralKeyPair":{"pubKey":"BUTNiZKck6z+CuLSDKlY5HmOFmHc+EIh/Zd/2GRPTthu","privKey":"QAMva5m/BeZxM/HNceHLxVQKjzxyb5ojSERcffHTCV4="},"lastRemoteEphemeralKey":"BSQvAkeW4/Gl98VciPT3u7xmZTBp6IsPVZ+ydt1rkqc4","previousCounter":0,"rootKey":"xVlQ40RsMd5uGUSgGv8xbh54jOWRxFJA24Wnm9dLN7o="},"indexInfo":{"baseKey":"Bf3qZfkUD0m2oBSi3i9g7z0auVj2w28Onuscv4yqyh0l","baseKeyType":1,"closed":1688205749274,"used":1688205749242,"created":1688205749242,"remoteIdentityKey":"BS1mBBovtCUp1TsHH1A7REV8+yVUERu2ngWToINsGDdZ"},"_chains":{"BUTNiZKck6z+CuLSDKlY5HmOFmHc+EIh/Zd/2GRPTthu":{"chainKey":{"counter":-1,"key":"cly8+14b9mNv1vWyRxEvnclmGBbCKhCt+vnj6tYaKY8="},"chainType":1,"messageKeys":{}}},"pendingPreKey":{"signedKeyId":2,"baseKey":"Bf3qZfkUD0m2oBSi3i9g7z0auVj2w28Onuscv4yqyh0l","preKeyId":424177}},"BaXva26U/93q9+TE9fJSS5UtupTuZ1ngigxNf+E7yu1P":{"registrationId":1465401587,"currentRatchet":{"ephemeralKeyPair":{"pubKey":"BZv1sjCLXIz0ecqtGDuKIlmKzp7RYXII0d2y0WGVuIQ1","privKey":"aJtQu0IR/RqMaFGIJ6bY2YDpLNpwnNv+mVvXBVsXV1g="},"lastRemoteEphemeralKey":"BSQvAkeW4/Gl98VciPT3u7xmZTBp6IsPVZ+ydt1rkqc4","previousCounter":0,"rootKey":"Zn3gJxMu97r3nvWrTa1MXfmZGpa0P6lZ6v66OfBWjko="},"indexInfo":{"baseKey":"BaXva26U/93q9+TE9fJSS5UtupTuZ1ngigxNf+E7yu1P","baseKeyType":1,"closed":1688205749323,"used":1688205749271,"created":1688205749271,"remoteIdentityKey":"BS1mBBovtCUp1TsHH1A7REV8+yVUERu2ngWToINsGDdZ"},"_chains":{"BZv1sjCLXIz0ecqtGDuKIlmKzp7RYXII0d2y0WGVuIQ1":{"chainKey":{"counter":3,"key":"VIt9idEev4xLhkvhEutq8l91Ae8oVVvgr/uApFfP1Ho="},"chainType":1,"messageKeys":{}}},"pendingPreKey":{"signedKeyId":2,"baseKey":"BaXva26U/93q9+TE9fJSS5UtupTuZ1ngigxNf+E7yu1P","preKeyId":423464}},"BSvtn/o6G7DBBQIn2I1AgyBwbk4dQRskw7P9stPPs4N8":{"registrationId":1465401587,"currentRatchet":{"ephemeralKeyPair":{"pubKey":"BYvdbv/cxDToW7oeFpG3U+SrtXYw1koONIMjXGR/h7st","privKey":"IN+ngfuDVs1jkvSuK/yIO73UdQUlyoDVjW+e7Ds7t2g="},"lastRemoteEphemeralKey":"BSQvAkeW4/Gl98VciPT3u7xmZTBp6IsPVZ+ydt1rkqc4","previousCounter":0,"rootKey":"Wg+D/s9+EMwzs9pGFiB5hCsEST4du2J/obU6sedCV8M="},"indexInfo":{"baseKey":"BSvtn/o6G7DBBQIn2I1AgyBwbk4dQRskw7P9stPPs4N8","baseKeyType":1,"closed":1688205749367,"used":1688205749321,"created":1688205749321,"remoteIdentityKey":"BS1mBBovtCUp1TsHH1A7REV8+yVUERu2ngWToINsGDdZ"},"_chains":{"BYvdbv/cxDToW7oeFpG3U+SrtXYw1koONIMjXGR/h7st":{"chainKey":{"counter":0,"key":"Vuo1jZjCo81CY3yQhRSa96dZxr//ON8UX1J5zkNeVMI="},"chainType":1,"messageKeys":{}}},"pendingPreKey":{"signedKeyId":2,"baseKey":"BSvtn/o6G7DBBQIn2I1AgyBwbk4dQRskw7P9stPPs4N8","preKeyId":423492}},"BUIOPgR5dFE4QMqemGU9GWExF5HWXhBKFhogfkeHFUos":{"registrationId":1465401587,"currentRatchet":{"ephemeralKeyPair":{"pubKey":"BXKbwcJwnP/6C8hV5qdG2/JxoxZ1VugGDfLmGEJngI8h","privKey":"CJVQGT0vXLUOGLnUnkUVkKHCyr02KabRIwphUEzS13k="},"lastRemoteEphemeralKey":"BSQvAkeW4/Gl98VciPT3u7xmZTBp6IsPVZ+ydt1rkqc4","previousCounter":0,"rootKey":"NAJBy7j81O8Mv87mDRaAl9R3AKK1F2Q+lUDYGtqyWec="},"indexInfo":{"baseKey":"BUIOPgR5dFE4QMqemGU9GWExF5HWXhBKFhogfkeHFUos","baseKeyType":1,"closed":1688205749401,"used":1688205749365,"created":1688205749365,"remoteIdentityKey":"BS1mBBovtCUp1TsHH1A7REV8+yVUERu2ngWToINsGDdZ"},"_chains":{"BXKbwcJwnP/6C8hV5qdG2/JxoxZ1VugGDfLmGEJngI8h":{"chainKey":{"counter":0,"key":"RHgi1LcoBFOXSoNRz8tkln07WrZ2NO/jseEUcYAfQJ4="},"chainType":1,"messageKeys":{}}},"pendingPreKey":{"signedKeyId":2,"baseKey":"BUIOPgR5dFE4QMqemGU9GWExF5HWXhBKFhogfkeHFUos","preKeyId":423434}},"BQgo/QzwfzE4nauU1r2V0jRJ13tiVmY1UgjZbYdkRKll":{"registrationId":1465401587,"currentRatchet":{"ephemeralKeyPair":{"pubKey":"BdrDEcrxix/2mA3Mo9ts30kcK1HSHdGYAZIPOn1Af00S","privKey":"CCmaqwJVaEwsNP8uGhwyatj/V6KWpc2Uucmza2WXOn0="},"lastRemoteEphemeralKey":"BSQvAkeW4/Gl98VciPT3u7xmZTBp6IsPVZ+ydt1rkqc4","previousCounter":0,"rootKey":"r4x4xtRwIalenCBUeTF6eBUQ8Fq05MRztTTkbcRcrCo="},"indexInfo":{"baseKey":"BQgo/QzwfzE4nauU1r2V0jRJ13tiVmY1UgjZbYdkRKll","baseKeyType":1,"closed":1688205749434,"used":1688205749399,"created":1688205749399,"remoteIdentityKey":"BS1mBBovtCUp1TsHH1A7REV8+yVUERu2ngWToINsGDdZ"},"_chains":{"BdrDEcrxix/2mA3Mo9ts30kcK1HSHdGYAZIPOn1Af00S":{"chainKey":{"counter":0,"key":"J4vI3vyv9D5Mo2soOejSwo8WNa8T1D22LGG9rq+eI9o="},"chainType":1,"messageKeys":{}}},"pendingPreKey":{"signedKeyId":2,"baseKey":"BQgo/QzwfzE4nauU1r2V0jRJ13tiVmY1UgjZbYdkRKll","preKeyId":423472}},"Bdbh5usavJWUoV/KIWEb2wUaROjUVrTUIZz2u/ySl+w6":{"registrationId":1465401587,"currentRatchet":{"ephemeralKeyPair":{"pubKey":"BR2tutiLg1JCx7QKjn+1N6VGIyoPTKKN2XDftwfS9XRg","privKey":"MG6ai9aG2INNM6bkdVQGeGXtB4Dcvdjv4hnTdojUDVQ="},"lastRemoteEphemeralKey":"BSQvAkeW4/Gl98VciPT3u7xmZTBp6IsPVZ+ydt1rkqc4","previousCounter":0,"rootKey":"M2rXFdCpYmyy9AK1j+EJtu1bq6AAxSq+tNM0HIpIkjo="},"indexInfo":{"baseKey":"Bdbh5usavJWUoV/KIWEb2wUaROjUVrTUIZz2u/ySl+w6","baseKeyType":1,"closed":1688205749466,"used":1688205749432,"created":1688205749432,"remoteIdentityKey":"BS1mBBovtCUp1TsHH1A7REV8+yVUERu2ngWToINsGDdZ"},"_chains":{"BR2tutiLg1JCx7QKjn+1N6VGIyoPTKKN2XDftwfS9XRg":{"chainKey":{"counter":0,"key":"gk2351BWumVqXE7vhdUz2f16D5JcNSglSyqIMgqTctA="},"chainType":1,"messageKeys":{}}},"pendingPreKey":{"signedKeyId":2,"baseKey":"Bdbh5usavJWUoV/KIWEb2wUaROjUVrTUIZz2u/ySl+w6","preKeyId":423421}},"BY9+26EucWdg1lJLpkBw4S6UVKyO55b8Y9MMeYzvDWJT":{"registrationId":1465401587,"currentRatchet":{"ephemeralKeyPair":{"pubKey":"BWXpVi/v4NhYSEB8qQFMBhHfk5+rmlN/vAejuMTkx650","privKey":"aIoL1y2+7EpprM/sTW43Q7+sAamajTp/CcFntUMxmGw="},"lastRemoteEphemeralKey":"BSQvAkeW4/Gl98VciPT3u7xmZTBp6IsPVZ+ydt1rkqc4","previousCounter":0,"rootKey":"A36//L2xbtCbgyOAVI8i6e5TaXWGZzmjAVho5Qrtbk8="},"indexInfo":{"baseKey":"BY9+26EucWdg1lJLpkBw4S6UVKyO55b8Y9MMeYzvDWJT","baseKeyType":1,"closed":1688205749500,"used":1688205749464,"created":1688205749464,"remoteIdentityKey":"BS1mBBovtCUp1TsHH1A7REV8+yVUERu2ngWToINsGDdZ"},"_chains":{"BWXpVi/v4NhYSEB8qQFMBhHfk5+rmlN/vAejuMTkx650":{"chainKey":{"counter":0,"key":"fMSe9LG8cHHqQlbgjHXu0tLRRBYYFv5JDW0UkcdPCVo="},"chainType":1,"messageKeys":{}}},"pendingPreKey":{"signedKeyId":2,"baseKey":"BY9+26EucWdg1lJLpkBw4S6UVKyO55b8Y9MMeYzvDWJT","preKeyId":424189}},"Bf5crA703aCBUBYDiL1i15sa27KnByHuqYPMGp3pOLJo":{"registrationId":1465401587,"currentRatchet":{"ephemeralKeyPair":{"pubKey":"BWOe7insgV3UqASvj1cAmTGAH7aW7JTYSRVezwGaVjBX","privKey":"cONbblT03A6eWNdMQWS/MP5KV5xE2nLj++Pl/h8ho3c="},"lastRemoteEphemeralKey":"BSQvAkeW4/Gl98VciPT3u7xmZTBp6IsPVZ+ydt1rkqc4","previousCounter":0,"rootKey":"Sd/KbM/hu1/iI3ly2L5+ZUbiZAE4HETOoOsFN43x4fw="},"indexInfo":{"baseKey":"Bf5crA703aCBUBYDiL1i15sa27KnByHuqYPMGp3pOLJo","baseKeyType":1,"closed":1688205749547,"used":1688205749497,"created":1688205749497,"remoteIdentityKey":"BS1mBBovtCUp1TsHH1A7REV8+yVUERu2ngWToINsGDdZ"},"_chains":{"BWOe7insgV3UqASvj1cAmTGAH7aW7JTYSRVezwGaVjBX":{"chainKey":{"counter":0,"key":"2u6I2KAOuirMV064AQJr4z4c3VnBhV3JEknCl9A/e6I="},"chainType":1,"messageKeys":{}}},"pendingPreKey":{"signedKeyId":2,"baseKey":"Bf5crA703aCBUBYDiL1i15sa27KnByHuqYPMGp3pOLJo","preKeyId":424183}},"BZzApCPQgje9lwjIcdPrTHQUWn0Ge/UM+gP2CWAwgScz":{"registrationId":1465401587,"currentRatchet":{"ephemeralKeyPair":{"pubKey":"BUmXGD3m5GOiRqufg+43xtLky6jXq42h3KzPNEIdn6oR","privKey":"INld0Tjgwjsngc9VL+zqIrFTk5oZNvFq3TAcSYTTYEY="},"lastRemoteEphemeralKey":"BSQvAkeW4/Gl98VciPT3u7xmZTBp6IsPVZ+ydt1rkqc4","previousCounter":0,"rootKey":"VYTtTzOdfGd48XJ+WTzGvqdejUWN2LvoP/NbVAsvkQU="},"indexInfo":{"baseKey":"BZzApCPQgje9lwjIcdPrTHQUWn0Ge/UM+gP2CWAwgScz","baseKeyType":1,"closed":1688205749586,"used":1688205749544,"created":1688205749544,"remoteIdentityKey":"BS1mBBovtCUp1TsHH1A7REV8+yVUERu2ngWToINsGDdZ"},"_chains":{"BUmXGD3m5GOiRqufg+43xtLky6jXq42h3KzPNEIdn6oR":{"chainKey":{"counter":0,"key":"0Ll07sMwtv4J5OvKAKKfTxcXGq3prRyT1LEChD4+YDk="},"chainType":1,"messageKeys":{}}},"pendingPreKey":{"signedKeyId":2,"baseKey":"BZzApCPQgje9lwjIcdPrTHQUWn0Ge/UM+gP2CWAwgScz","preKeyId":424190}},"BTbk2p19BwIsUJwRUCA+BPoFzc+YcWW2PZwLeF+wq+AY":{"registrationId":1465401587,"currentRatchet":{"ephemeralKeyPair":{"pubKey":"BSCL4eR/Ai8ESjUsWVnwGdF3EA+SQooyxB1u1LjiowUS","privKey":"KBt/4Q6u2/+gT0PlJTVSAS7md2M0AfoH5vi3H+pI/V4="},"lastRemoteEphemeralKey":"BSQvAkeW4/Gl98VciPT3u7xmZTBp6IsPVZ+ydt1rkqc4","previousCounter":0,"rootKey":"lEzz9IkFH4cU6BZPCDgsLipJEX8oBtxPmFYPsEYJ5lU="},"indexInfo":{"baseKey":"BTbk2p19BwIsUJwRUCA+BPoFzc+YcWW2PZwLeF+wq+AY","baseKeyType":1,"closed":-1,"used":1688205749584,"created":1688205749584,"remoteIdentityKey":"BS1mBBovtCUp1TsHH1A7REV8+yVUERu2ngWToINsGDdZ"},"_chains":{"BSCL4eR/Ai8ESjUsWVnwGdF3EA+SQooyxB1u1LjiowUS":{"chainKey":{"counter":0,"key":"UcSIl++RxGf7ouNe99mX9TrtViHzcxmB151ADa6/aeY="},"chainType":1,"messageKeys":{}}},"pendingPreKey":{"signedKeyId":2,"baseKey":"BTbk2p19BwIsUJwRUCA+BPoFzc+YcWW2PZwLeF+wq+AY","preKeyId":424132}}},"version":"v1"}