{"_sessions":{"BUN2BSDa/1dhZnKrCQ19l+d6FijbUcUwuv2XDpOUfkU7":{"registrationId":900510760,"currentRatchet":{"ephemeralKeyPair":{"pubKey":"BWM2/7+Ul+iF7Bqw6MbprtKjYS5QwxXccUTs3I6AsskI","privKey":"cEs71W8K6uLCIruytpsUWDEFJW/7TToX5kb3VgXXcW4="},"lastRemoteEphemeralKey":"BaD0eW2j1/+GmQkkUeNOR9Q/OQbu2nMndkxf16eI6hVl","previousCounter":0,"rootKey":"M0/NTGsMVTUJOukIcds8nNbUVbKY+bgka072RTt38Cs="},"indexInfo":{"baseKey":"BUN2BSDa/1dhZnKrCQ19l+d6FijbUcUwuv2XDpOUfkU7","baseKeyType":2,"closed":-1,"used":1687915767311,"created":1687915767311,"remoteIdentityKey":"Bdvr5idTNujMPTWDX282VGKUGxf67Ateq0G5afsixmdc"},"_chains":{"BaD0eW2j1/+GmQkkUeNOR9Q/OQbu2nMndkxf16eI6hVl":{"chainKey":{"counter":3,"key":"y1TF2DpXf4+OqKYMwv0IyhCBzYDGv2RATthI5NBrf7g="},"chainType":2,"messageKeys":{}},"BWM2/7+Ul+iF7Bqw6MbprtKjYS5QwxXccUTs3I6AsskI":{"chainKey":{"counter":-1,"key":"ZSZLLt0H+pjXnCR3/2rCk4gtiDauHDRSAX20X4JHyME="},"chainType":1,"messageKeys":{}}}}},"version":"v1"}