{"_sessions":{"BaiFMdxtcS3D/Eb6ha56j4KQi2+/OPlS53zNshUEq+RW":{"registrationId":1580008623,"currentRatchet":{"ephemeralKeyPair":{"pubKey":"Bcop8yurdjZLTLSwY/Z0KHKbjwu9f1FrLia4KZDx6F0B","privKey":"mOxWmkonsFvtg6tBO/UU7rXm7CoJVr2y1GD9kwPO3Eo="},"lastRemoteEphemeralKey":"BWTtDCDQ9gCBmsOhQ3PdnMIfH6olwSt0A4vSpigih54Y","previousCounter":0,"rootKey":"lwL8aSUZ8cKTxhvA0zPfsMkyKxeo5kJJf3xxtBwCtzo="},"indexInfo":{"baseKey":"BaiFMdxtcS3D/Eb6ha56j4KQi2+/OPlS53zNshUEq+RW","baseKeyType":1,"closed":1687850143872,"used":1687850143803,"created":1687850143802,"remoteIdentityKey":"BdxRK+kcDfyu5gfwKH6TPU+uhx7/YkZ4SaGubD4+6kNB"},"_chains":{"Bcop8yurdjZLTLSwY/Z0KHKbjwu9f1FrLia4KZDx6F0B":{"chainKey":{"counter":0,"key":"fQ8M64cO/KmgUn1ZvEtlPuJOPWHlWRFQF/5MFbq8DFU="},"chainType":1,"messageKeys":{}}},"pendingPreKey":{"signedKeyId":1,"baseKey":"BaiFMdxtcS3D/Eb6ha56j4KQi2+/OPlS53zNshUEq+RW","preKeyId":9010655}},"BT0NxjVfx/g25cplFt9YA1okPHz4b1n+2GAPcXYplD4R":{"registrationId":1580008623,"currentRatchet":{"ephemeralKeyPair":{"pubKey":"BZiDDL5dEkBO66Vp2ooCzv+TSic+/coD7wxDB+DgKPgp","privKey":"OEpI7PBtlVknIYFJurX6zytIH9hgmJkXB8pSpiiP6EQ="},"lastRemoteEphemeralKey":"BWTtDCDQ9gCBmsOhQ3PdnMIfH6olwSt0A4vSpigih54Y","previousCounter":0,"rootKey":"pwOpIwS93Hv6970wlKI8n+8wrYZ4wn4mVvqT4KpmJT8="},"indexInfo":{"baseKey":"BT0NxjVfx/g25cplFt9YA1okPHz4b1n+2GAPcXYplD4R","baseKeyType":1,"closed":1687850143923,"used":1687850143868,"created":1687850143868,"remoteIdentityKey":"BdxRK+kcDfyu5gfwKH6TPU+uhx7/YkZ4SaGubD4+6kNB"},"_chains":{"BZiDDL5dEkBO66Vp2ooCzv+TSic+/coD7wxDB+DgKPgp":{"chainKey":{"counter":0,"key":"/tVunHeMJu4XWwprZAnSWSNPkWI43Y10HFio2BNOL1s="},"chainType":1,"messageKeys":{}}},"pendingPreKey":{"signedKeyId":1,"baseKey":"BT0NxjVfx/g25cplFt9YA1okPHz4b1n+2GAPcXYplD4R","preKeyId":9010646}},"BYrxCq7oJ6JSkiYrnxEXKkLmGLVqKS0C1RlTPx/p9tgF":{"registrationId":1580008623,"currentRatchet":{"ephemeralKeyPair":{"pubKey":"BYEM0NRX9U0uhaj8VmJpbTCZYn3oWx7uBK6sG1uJGJ5+","privKey":"wFa4c5ZTejoLa22VPhj7A8Ml5YSxykUUxccBGWSmGVo="},"lastRemoteEphemeralKey":"BWTtDCDQ9gCBmsOhQ3PdnMIfH6olwSt0A4vSpigih54Y","previousCounter":0,"rootKey":"CSvuU6wvH+NIUy5qwZh610jG9uWBdLQP0vtgRw9WUIU="},"indexInfo":{"baseKey":"BYrxCq7oJ6JSkiYrnxEXKkLmGLVqKS0C1RlTPx/p9tgF","baseKeyType":1,"closed":1687850143963,"used":1687850143921,"created":1687850143921,"remoteIdentityKey":"BdxRK+kcDfyu5gfwKH6TPU+uhx7/YkZ4SaGubD4+6kNB"},"_chains":{"BYEM0NRX9U0uhaj8VmJpbTCZYn3oWx7uBK6sG1uJGJ5+":{"chainKey":{"counter":0,"key":"XtgfriR9LPjMpSeS4vb0eaI4J9UHTkhoK0jYqGxpAeQ="},"chainType":1,"messageKeys":{}}},"pendingPreKey":{"signedKeyId":1,"baseKey":"BYrxCq7oJ6JSkiYrnxEXKkLmGLVqKS0C1RlTPx/p9tgF","preKeyId":9010808}},"BRE8W52zokQP5s7snf7ejfD18eYjENwa1IFjmKxwf4tm":{"registrationId":1580008623,"currentRatchet":{"ephemeralKeyPair":{"pubKey":"BQadR7H20RINNAAlsiyRLLXm32f0NXMRMq9xjBRYTIdU","privKey":"+Eag0kR5KDEwNDIRDvc1g67RoSfpWGaBn45y+CmPh20="},"lastRemoteEphemeralKey":"BWTtDCDQ9gCBmsOhQ3PdnMIfH6olwSt0A4vSpigih54Y","previousCounter":0,"rootKey":"RNt38Yy9YTp+9smkmRBsIIfCcNpHU4IHOTXe4BkRNZI="},"indexInfo":{"baseKey":"BRE8W52zokQP5s7snf7ejfD18eYjENwa1IFjmKxwf4tm","baseKeyType":1,"closed":1687850144004,"used":1687850143961,"created":1687850143961,"remoteIdentityKey":"BdxRK+kcDfyu5gfwKH6TPU+uhx7/YkZ4SaGubD4+6kNB"},"_chains":{"BQadR7H20RINNAAlsiyRLLXm32f0NXMRMq9xjBRYTIdU":{"chainKey":{"counter":0,"key":"J74eOzWpc0RBTbjBrpjS6SPisFFa4aaWK9K4pWemRAI="},"chainType":1,"messageKeys":{}}},"pendingPreKey":{"signedKeyId":1,"baseKey":"BRE8W52zokQP5s7snf7ejfD18eYjENwa1IFjmKxwf4tm","preKeyId":9010861}},"Bakjpr1VQ441qpypg7/Dip7XeTC7QqmYbKr8mrEpgOwx":{"registrationId":1580008623,"currentRatchet":{"ephemeralKeyPair":{"pubKey":"BebehQ+jKEKbkifSUw+xRRow1gODkAm8rDd6TvyFvQ8h","privKey":"ELL0DO85kDtFZuh1G3sKJB48xpdK0lM6jzVAvgGZ724="},"lastRemoteEphemeralKey":"BWTtDCDQ9gCBmsOhQ3PdnMIfH6olwSt0A4vSpigih54Y","previousCounter":0,"rootKey":"jEWFj0MnUzs/ibc/XJ3owapLbGWbuDzNhEEXysXLL8k="},"indexInfo":{"baseKey":"Bakjpr1VQ441qpypg7/Dip7XeTC7QqmYbKr8mrEpgOwx","baseKeyType":1,"closed":1687850144049,"used":1687850144003,"created":1687850144003,"remoteIdentityKey":"BdxRK+kcDfyu5gfwKH6TPU+uhx7/YkZ4SaGubD4+6kNB"},"_chains":{"BebehQ+jKEKbkifSUw+xRRow1gODkAm8rDd6TvyFvQ8h":{"chainKey":{"counter":0,"key":"ezZ8ancayX67fQZukZfyF1z/tieXN2XdcX/bWIi5Y0g="},"chainType":1,"messageKeys":{}}},"pendingPreKey":{"signedKeyId":1,"baseKey":"Bakjpr1VQ441qpypg7/Dip7XeTC7QqmYbKr8mrEpgOwx","preKeyId":9010794}},"BbtTWcFCOLTBfB8+VgcniXKD6laR5H4nf5Nk2ovPp1l/":{"registrationId":1580008623,"currentRatchet":{"ephemeralKeyPair":{"pubKey":"BUU6InrAXZZR5PzXZw2OfbmLwzTvD6Q6zne6srSgxTUV","privKey":"4BK4mdXO1/7KMaaGSP68kADlTimMCUfX7ODof/xyHl4="},"lastRemoteEphemeralKey":"BWTtDCDQ9gCBmsOhQ3PdnMIfH6olwSt0A4vSpigih54Y","previousCounter":0,"rootKey":"uk0nTRt50Ani5iuvIrHgaQtdIUS3RUD/0bmHbg1Z6jk="},"indexInfo":{"baseKey":"BbtTWcFCOLTBfB8+VgcniXKD6laR5H4nf5Nk2ovPp1l/","baseKeyType":1,"closed":1687850144094,"used":1687850144047,"created":1687850144047,"remoteIdentityKey":"BdxRK+kcDfyu5gfwKH6TPU+uhx7/YkZ4SaGubD4+6kNB"},"_chains":{"BUU6InrAXZZR5PzXZw2OfbmLwzTvD6Q6zne6srSgxTUV":{"chainKey":{"counter":0,"key":"Ogl5VrD4HQ56mpAsybKyuas9fjpVygLdhop2m+F1U2k="},"chainType":1,"messageKeys":{}}},"pendingPreKey":{"signedKeyId":1,"baseKey":"BbtTWcFCOLTBfB8+VgcniXKD6laR5H4nf5Nk2ovPp1l/","preKeyId":9010829}},"BQvr6q0h7VmT5YE7yTuxR+m2GXXsu88rQHjaZmcYGTx4":{"registrationId":1580008623,"currentRatchet":{"ephemeralKeyPair":{"pubKey":"Bf7yZ8s7e75kuvc+tRptHY1zD1Mgb/GW+zZ33WSe5v4w","privKey":"gMHJoCSBmjcelB37U05GsxBZe6PYFqQOuRLw9Pw6qFo="},"lastRemoteEphemeralKey":"BWTtDCDQ9gCBmsOhQ3PdnMIfH6olwSt0A4vSpigih54Y","previousCounter":0,"rootKey":"6iwVdgwCUzqAHmq3jtZpB66XfFRw66AhVVelIDbMQNQ="},"indexInfo":{"baseKey":"BQvr6q0h7VmT5YE7yTuxR+m2GXXsu88rQHjaZmcYGTx4","baseKeyType":1,"closed":1687850144132,"used":1687850144092,"created":1687850144092,"remoteIdentityKey":"BdxRK+kcDfyu5gfwKH6TPU+uhx7/YkZ4SaGubD4+6kNB"},"_chains":{"Bf7yZ8s7e75kuvc+tRptHY1zD1Mgb/GW+zZ33WSe5v4w":{"chainKey":{"counter":0,"key":"Hbkcv2MA0nBV+U7nJpPauRbu0q8RaKY9QGsyXIg72n4="},"chainType":1,"messageKeys":{}}},"pendingPreKey":{"signedKeyId":1,"baseKey":"BQvr6q0h7VmT5YE7yTuxR+m2GXXsu88rQHjaZmcYGTx4","preKeyId":9010347}},"BdujoXmsk2yzUmiFg16Tk+mIVQR774eTrg0WF5plc/F3":{"registrationId":1580008623,"currentRatchet":{"ephemeralKeyPair":{"pubKey":"BcdYGPNZQ1jejfeLvkNvFMCrjCjorh9dU2ZNP15+LIZw","privKey":"UAKiEGrEtkxPm5JPT4CLmYED7LrqMdAH17PNjXitj0E="},"lastRemoteEphemeralKey":"BWTtDCDQ9gCBmsOhQ3PdnMIfH6olwSt0A4vSpigih54Y","previousCounter":0,"rootKey":"/M2uoeipNAhxyfTh5Q3rqeIYAiNRdiQmQtJOVUuezW0="},"indexInfo":{"baseKey":"BdujoXmsk2yzUmiFg16Tk+mIVQR774eTrg0WF5plc/F3","baseKeyType":1,"closed":1687850144173,"used":1687850144130,"created":1687850144130,"remoteIdentityKey":"BdxRK+kcDfyu5gfwKH6TPU+uhx7/YkZ4SaGubD4+6kNB"},"_chains":{"BcdYGPNZQ1jejfeLvkNvFMCrjCjorh9dU2ZNP15+LIZw":{"chainKey":{"counter":0,"key":"OTTV3fznc8Mb9sCCj7H7h3eURbqtj/SEBD6Gt1/bBSM="},"chainType":1,"messageKeys":{}}},"pendingPreKey":{"signedKeyId":1,"baseKey":"BdujoXmsk2yzUmiFg16Tk+mIVQR774eTrg0WF5plc/F3","preKeyId":9010651}},"BRvr5dfEz2EreehNh3J9/+4cX16qvsne0Xbnv3cOEr8W":{"registrationId":1580008623,"currentRatchet":{"ephemeralKeyPair":{"pubKey":"BY+gqGKQOGYlGpUp0Sh6UV3qVR7PpQ9HiH2yW3qnjBpI","privKey":"sMgAe0AIJYEk5yfJO5eJCSyiEVuFgRBvJFhQQw68CHc="},"lastRemoteEphemeralKey":"BWTtDCDQ9gCBmsOhQ3PdnMIfH6olwSt0A4vSpigih54Y","previousCounter":0,"rootKey":"NkaM/Yzph9aS1BZ7hsbxMHytiikickFcr0PKq3XM1rQ="},"indexInfo":{"baseKey":"BRvr5dfEz2EreehNh3J9/+4cX16qvsne0Xbnv3cOEr8W","baseKeyType":1,"closed":1687850144211,"used":1687850144170,"created":1687850144170,"remoteIdentityKey":"BdxRK+kcDfyu5gfwKH6TPU+uhx7/YkZ4SaGubD4+6kNB"},"_chains":{"BY+gqGKQOGYlGpUp0Sh6UV3qVR7PpQ9HiH2yW3qnjBpI":{"chainKey":{"counter":0,"key":"uQ+aJIUjMP7xTRLYWN4zTnmWkfG41WhZxxeemu7d6w4="},"chainType":1,"messageKeys":{}}},"pendingPreKey":{"signedKeyId":1,"baseKey":"BRvr5dfEz2EreehNh3J9/+4cX16qvsne0Xbnv3cOEr8W","preKeyId":9010834}},"BZkuictvHzP3CGZ1IgTmrmQx6ykqOGpnyHVNsGNJ7wRz":{"registrationId":1580008623,"currentRatchet":{"ephemeralKeyPair":{"pubKey":"BWKWzyLl9vr52dLaIC45gAPoq+kWn3I0qWaRd23wsQp9","privKey":"YH8i1UZPksZ+7EWdQCun8vDgnkX3xGoXX3NYwLwy9FA="},"lastRemoteEphemeralKey":"BWTtDCDQ9gCBmsOhQ3PdnMIfH6olwSt0A4vSpigih54Y","previousCounter":0,"rootKey":"bZ6TAElW+TteCtQ6Ir/FGfP3GvflVvYzOSC+4tgjOQs="},"indexInfo":{"baseKey":"BZkuictvHzP3CGZ1IgTmrmQx6ykqOGpnyHVNsGNJ7wRz","baseKeyType":1,"closed":1687850144246,"used":1687850144209,"created":1687850144209,"remoteIdentityKey":"BdxRK+kcDfyu5gfwKH6TPU+uhx7/YkZ4SaGubD4+6kNB"},"_chains":{"BWKWzyLl9vr52dLaIC45gAPoq+kWn3I0qWaRd23wsQp9":{"chainKey":{"counter":0,"key":"qeQ+HSadWav4fuaEOMcChEjVjQkr+h70g4A1RnD+kPc="},"chainType":1,"messageKeys":{}}},"pendingPreKey":{"signedKeyId":1,"baseKey":"BZkuictvHzP3CGZ1IgTmrmQx6ykqOGpnyHVNsGNJ7wRz","preKeyId":9010795}},"BezLndJLFMZM5AZz/U3cfTy+3jSQPKbFN2nXLAsuRXEP":{"registrationId":1580008623,"currentRatchet":{"ephemeralKeyPair":{"pubKey":"BckNh7w2cwYZhZorh/OKp2N/rwuQmusBeFrvqqn56+VI","privKey":"QGK0oRbs4hRr1Scf1SQ1z9qwokwdGBf7E+iJcnZXFkI="},"lastRemoteEphemeralKey":"BWTtDCDQ9gCBmsOhQ3PdnMIfH6olwSt0A4vSpigih54Y","previousCounter":0,"rootKey":"6V9X8gi2nCF1Qw5WQVc2/2OECnec5+jZcXHn2BXtkb8="},"indexInfo":{"baseKey":"BezLndJLFMZM5AZz/U3cfTy+3jSQPKbFN2nXLAsuRXEP","baseKeyType":1,"closed":1687850144285,"used":1687850144244,"created":1687850144244,"remoteIdentityKey":"BdxRK+kcDfyu5gfwKH6TPU+uhx7/YkZ4SaGubD4+6kNB"},"_chains":{"BckNh7w2cwYZhZorh/OKp2N/rwuQmusBeFrvqqn56+VI":{"chainKey":{"counter":0,"key":"qvlovsFkzsF4q5H/F8vZs46JGA10QyYClQYvPKXEirQ="},"chainType":1,"messageKeys":{}}},"pendingPreKey":{"signedKeyId":1,"baseKey":"BezLndJLFMZM5AZz/U3cfTy+3jSQPKbFN2nXLAsuRXEP","preKeyId":9010644}},"Bf5Z8N5a18zZKMlucUcWEq3HvEBLGkoVYHr6TOyVqxcy":{"registrationId":1580008623,"currentRatchet":{"ephemeralKeyPair":{"pubKey":"BbFnZX3/kz3YYjjeKejujZ4scGehQ3MALk385+EFaf5Z","privKey":"OEtk6ZjToHkEm/qaZQ4K5eIyGEeN/XPpfUuZJXwCEH8="},"lastRemoteEphemeralKey":"BWTtDCDQ9gCBmsOhQ3PdnMIfH6olwSt0A4vSpigih54Y","previousCounter":0,"rootKey":"HZyzDHhbl+Le7kxx21GWFjJKUaS+mihtyoDRm4iXHdQ="},"indexInfo":{"baseKey":"Bf5Z8N5a18zZKMlucUcWEq3HvEBLGkoVYHr6TOyVqxcy","baseKeyType":1,"closed":1687850144327,"used":1687850144283,"created":1687850144283,"remoteIdentityKey":"BdxRK+kcDfyu5gfwKH6TPU+uhx7/YkZ4SaGubD4+6kNB"},"_chains":{"BbFnZX3/kz3YYjjeKejujZ4scGehQ3MALk385+EFaf5Z":{"chainKey":{"counter":0,"key":"VygaP6K0guzuYzKUZSlAbFyweO/5zgL96f6aCjOzb5I="},"chainType":1,"messageKeys":{}}},"pendingPreKey":{"signedKeyId":1,"baseKey":"Bf5Z8N5a18zZKMlucUcWEq3HvEBLGkoVYHr6TOyVqxcy","preKeyId":9010468}},"BY1WmAEMkpGmCVrUs1W33/ndQq+3mFCZ7m4Wa7u7/jVd":{"registrationId":1580008623,"currentRatchet":{"ephemeralKeyPair":{"pubKey":"BSrY0hcLSTOJnf7VH8KoWhSDz6LUMFNme2GGXLDQDQc6","privKey":"aCg6vFOqEImOFMqli2gYYWzNtOkFhA3mxVCjDlmjyHQ="},"lastRemoteEphemeralKey":"BWTtDCDQ9gCBmsOhQ3PdnMIfH6olwSt0A4vSpigih54Y","previousCounter":0,"rootKey":"wbSH7XVqpZhZGjVA0l1wMVBKtZeukaLJr0YCg6qmg6g="},"indexInfo":{"baseKey":"BY1WmAEMkpGmCVrUs1W33/ndQq+3mFCZ7m4Wa7u7/jVd","baseKeyType":1,"closed":1687850144370,"used":1687850144325,"created":1687850144325,"remoteIdentityKey":"BdxRK+kcDfyu5gfwKH6TPU+uhx7/YkZ4SaGubD4+6kNB"},"_chains":{"BSrY0hcLSTOJnf7VH8KoWhSDz6LUMFNme2GGXLDQDQc6":{"chainKey":{"counter":0,"key":"wEoCvg6vA3KEP/Hct97t2+xqUPIFcPlALpvzCye0R+8="},"chainType":1,"messageKeys":{}}},"pendingPreKey":{"signedKeyId":1,"baseKey":"BY1WmAEMkpGmCVrUs1W33/ndQq+3mFCZ7m4Wa7u7/jVd","preKeyId":9010606}},"BWE/YXq9kInw6P0Bgkmnyj2u7j2N7eXJ6igxiR4J9lYi":{"registrationId":1580008623,"currentRatchet":{"ephemeralKeyPair":{"pubKey":"BTY1Jf6r9MVd4PVmC1/JPwqn/P+kl7Zs6zS+C0Itg4xZ","privKey":"YDOhRCPRwp790ZlV/Yplkdg6+LJ5VGtxa2jG3T0EKlA="},"lastRemoteEphemeralKey":"BWTtDCDQ9gCBmsOhQ3PdnMIfH6olwSt0A4vSpigih54Y","previousCounter":0,"rootKey":"KcnJB44gHQv4FwR3Piwi4jcS3PqDpFMmn21fRe3Wj7s="},"indexInfo":{"baseKey":"BWE/YXq9kInw6P0Bgkmnyj2u7j2N7eXJ6igxiR4J9lYi","baseKeyType":1,"closed":1687850144411,"used":1687850144367,"created":1687850144367,"remoteIdentityKey":"BdxRK+kcDfyu5gfwKH6TPU+uhx7/YkZ4SaGubD4+6kNB"},"_chains":{"BTY1Jf6r9MVd4PVmC1/JPwqn/P+kl7Zs6zS+C0Itg4xZ":{"chainKey":{"counter":0,"key":"s8fPBY9pBrAGkGr7iZMOjctRokKs8ndWqkyc8k8fcFw="},"chainType":1,"messageKeys":{}}},"pendingPreKey":{"signedKeyId":1,"baseKey":"BWE/YXq9kInw6P0Bgkmnyj2u7j2N7eXJ6igxiR4J9lYi","preKeyId":9010935}},"Bd7mB6Grh8gmSgUFqUqzA1pcHfHvM5pzsttyxI6flMYo":{"registrationId":1580008623,"currentRatchet":{"ephemeralKeyPair":{"pubKey":"BdJA5gonCcR1rK1lSeX9TaFKf74ojlqCTbMv8AQc62xm","privKey":"4DerM7kY6y+UtAQzn4HMe93h82XTIbSWF+mtrox0jnA="},"lastRemoteEphemeralKey":"BWTtDCDQ9gCBmsOhQ3PdnMIfH6olwSt0A4vSpigih54Y","previousCounter":0,"rootKey":"SOkgJCwZzMHtctWdyRb1huToG9A0db3n8zQVRLnn7u0="},"indexInfo":{"baseKey":"Bd7mB6Grh8gmSgUFqUqzA1pcHfHvM5pzsttyxI6flMYo","baseKeyType":1,"closed":1687850144452,"used":1687850144409,"created":1687850144409,"remoteIdentityKey":"BdxRK+kcDfyu5gfwKH6TPU+uhx7/YkZ4SaGubD4+6kNB"},"_chains":{"BdJA5gonCcR1rK1lSeX9TaFKf74ojlqCTbMv8AQc62xm":{"chainKey":{"counter":0,"key":"1I0f5cKUyW6qTi8tybUayhSiLZJDbLIqidoMcVp0BCI="},"chainType":1,"messageKeys":{}}},"pendingPreKey":{"signedKeyId":1,"baseKey":"Bd7mB6Grh8gmSgUFqUqzA1pcHfHvM5pzsttyxI6flMYo","preKeyId":9010827}},"BcJLO31/YVvF/8zuBy4/J+/gUsVdhreJ4BiOFCCCczoD":{"registrationId":1580008623,"currentRatchet":{"ephemeralKeyPair":{"pubKey":"BQcnKysDLlns7FauJrSQP056bxIsxlIUwdJdYZGRb/VH","privKey":"gEwZnvjgzbNI710mIxB/SLQ0+n0gOhpYzJTMyL18XkY="},"lastRemoteEphemeralKey":"BWTtDCDQ9gCBmsOhQ3PdnMIfH6olwSt0A4vSpigih54Y","previousCounter":0,"rootKey":"0gT4taL+YZT6fuCCFLEveg2JTlnrFRmPn+TXPt4U3ak="},"indexInfo":{"baseKey":"BcJLO31/YVvF/8zuBy4/J+/gUsVdhreJ4BiOFCCCczoD","baseKeyType":1,"closed":1687850144498,"used":1687850144450,"created":1687850144450,"remoteIdentityKey":"BdxRK+kcDfyu5gfwKH6TPU+uhx7/YkZ4SaGubD4+6kNB"},"_chains":{"BQcnKysDLlns7FauJrSQP056bxIsxlIUwdJdYZGRb/VH":{"chainKey":{"counter":0,"key":"u3j7vIEs+ONDvESNJF8YWjrc9ZTsNWOO1r2xDGXnOxE="},"chainType":1,"messageKeys":{}}},"pendingPreKey":{"signedKeyId":1,"baseKey":"BcJLO31/YVvF/8zuBy4/J+/gUsVdhreJ4BiOFCCCczoD","preKeyId":9010948}},"BQOm6cdQTNzpk7Ii+2rI7PSWdz4TSX5DPvKkBDre+XFX":{"registrationId":1580008623,"currentRatchet":{"ephemeralKeyPair":{"pubKey":"BbcjWjjzC9rWt75xJhPTKSWFUfAjsan5ryLJr0C+NIxS","privKey":"kNR0qlvsSZEFCapOSxhKTlesEVTl0Ou6Fm/2NtUfw0M="},"lastRemoteEphemeralKey":"BWTtDCDQ9gCBmsOhQ3PdnMIfH6olwSt0A4vSpigih54Y","previousCounter":0,"rootKey":"5J0Ds1wDFE3Ni88XyyR4jdDoHYrdBV+qDlVeMdqUjec="},"indexInfo":{"baseKey":"BQOm6cdQTNzpk7Ii+2rI7PSWdz4TSX5DPvKkBDre+XFX","baseKeyType":1,"closed":1687850144537,"used":1687850144496,"created":1687850144496,"remoteIdentityKey":"BdxRK+kcDfyu5gfwKH6TPU+uhx7/YkZ4SaGubD4+6kNB"},"_chains":{"BbcjWjjzC9rWt75xJhPTKSWFUfAjsan5ryLJr0C+NIxS":{"chainKey":{"counter":0,"key":"K7ISMMpzNbKKBbq0Ow8rzT7Sbgw1o6DjCdowcrk4rmk="},"chainType":1,"messageKeys":{}}},"pendingPreKey":{"signedKeyId":1,"baseKey":"BQOm6cdQTNzpk7Ii+2rI7PSWdz4TSX5DPvKkBDre+XFX","preKeyId":9010621}},"BSgcGf+hHhVdfkgFEA0PMA71CM7+fbC7OnervGEijj1O":{"registrationId":1580008623,"currentRatchet":{"ephemeralKeyPair":{"pubKey":"BTNdg8rtwOYExaPaDKHPtYrj04k+PlXIm795aNHiRT1M","privKey":"mDv5KsRBkAZUOz6ZR6N1kgnbuI7hop7dpiOAjy2t/FQ="},"lastRemoteEphemeralKey":"BWTtDCDQ9gCBmsOhQ3PdnMIfH6olwSt0A4vSpigih54Y","previousCounter":0,"rootKey":"aNmRaG61+pkoy0Brq4EA8Vy/G6wrv6QUXyRQSo3GIT0="},"indexInfo":{"baseKey":"BSgcGf+hHhVdfkgFEA0PMA71CM7+fbC7OnervGEijj1O","baseKeyType":1,"closed":1687850144573,"used":1687850144534,"created":1687850144534,"remoteIdentityKey":"BdxRK+kcDfyu5gfwKH6TPU+uhx7/YkZ4SaGubD4+6kNB"},"_chains":{"BTNdg8rtwOYExaPaDKHPtYrj04k+PlXIm795aNHiRT1M":{"chainKey":{"counter":0,"key":"6z9VYq6sPDnQbmQ1KWGMim+xWmlFkaLLP0gkI/PwqN0="},"chainType":1,"messageKeys":{}}},"pendingPreKey":{"signedKeyId":1,"baseKey":"BSgcGf+hHhVdfkgFEA0PMA71CM7+fbC7OnervGEijj1O","preKeyId":9010680}},"Baiwh6krX6K+OsNozOqsZc1mBaPnn6uN2U3ycR/40Lt1":{"registrationId":1580008623,"currentRatchet":{"ephemeralKeyPair":{"pubKey":"BaOOZXpjVVrZzi9DODVh81AriPNWNSyUnGx7Q2sD4IUz","privKey":"QPH4FX48wpPrGLTIKMs/sOBdWt9J8/k+B1LA+DTep2k="},"lastRemoteEphemeralKey":"BWTtDCDQ9gCBmsOhQ3PdnMIfH6olwSt0A4vSpigih54Y","previousCounter":0,"rootKey":"lB4xiLfz44vZxNCUr7JplDceIYiXpFbrQdkk7Oqp+qA="},"indexInfo":{"baseKey":"Baiwh6krX6K+OsNozOqsZc1mBaPnn6uN2U3ycR/40Lt1","baseKeyType":1,"closed":1687850144608,"used":1687850144571,"created":1687850144571,"remoteIdentityKey":"BdxRK+kcDfyu5gfwKH6TPU+uhx7/YkZ4SaGubD4+6kNB"},"_chains":{"BaOOZXpjVVrZzi9DODVh81AriPNWNSyUnGx7Q2sD4IUz":{"chainKey":{"counter":0,"key":"HjywrosLUAXM8NhiAKKb9zUEyWmIzqhecC5/QIxzus0="},"chainType":1,"messageKeys":{}}},"pendingPreKey":{"signedKeyId":1,"baseKey":"Baiwh6krX6K+OsNozOqsZc1mBaPnn6uN2U3ycR/40Lt1","preKeyId":9010821}},"BX0KuBJh7HWDEY9bYChyiKagSJZPcU/qlW8E7GqiebFZ":{"registrationId":1580008623,"currentRatchet":{"ephemeralKeyPair":{"pubKey":"BZrJuVWEh6PNxMFxIoG65MW1YydCus0tqdNlGhEWu9J3","privKey":"2D4gplAymJS1mjHcxijCqwi0am8nTgaeGukxFNevtWA="},"lastRemoteEphemeralKey":"BWTtDCDQ9gCBmsOhQ3PdnMIfH6olwSt0A4vSpigih54Y","previousCounter":0,"rootKey":"8NWeKYfSk6y+yJTEE7vITqfSZnt6Q/YZ6vgjUX0avOA="},"indexInfo":{"baseKey":"BX0KuBJh7HWDEY9bYChyiKagSJZPcU/qlW8E7GqiebFZ","baseKeyType":1,"closed":1687850144653,"used":1687850144606,"created":1687850144606,"remoteIdentityKey":"BdxRK+kcDfyu5gfwKH6TPU+uhx7/YkZ4SaGubD4+6kNB"},"_chains":{"BZrJuVWEh6PNxMFxIoG65MW1YydCus0tqdNlGhEWu9J3":{"chainKey":{"counter":0,"key":"NVIk+peEoMEChKSDYEGdeB4wcQBRzvakhIRX538AOA8="},"chainType":1,"messageKeys":{}}},"pendingPreKey":{"signedKeyId":1,"baseKey":"BX0KuBJh7HWDEY9bYChyiKagSJZPcU/qlW8E7GqiebFZ","preKeyId":9011006}},"Bd4vft6OZXoqkVJMSVFTIq4m+u+XbUlWM/CTxWIADPV8":{"registrationId":1580008623,"currentRatchet":{"ephemeralKeyPair":{"pubKey":"BRN4IjlsyneglhF09imT2vg3Kw1jTJzRs12kqCh/9kA2","privKey":"0IvnQF6+4vSzqTTZ/3oEN8Z41vR0a7gVjEmZQwzs4Fk="},"lastRemoteEphemeralKey":"BWTtDCDQ9gCBmsOhQ3PdnMIfH6olwSt0A4vSpigih54Y","previousCounter":0,"rootKey":"ime1rWGCTjSrI58gzTSBRfpjvuC3r7XVsbpFCXlJTdA="},"indexInfo":{"baseKey":"Bd4vft6OZXoqkVJMSVFTIq4m+u+XbUlWM/CTxWIADPV8","baseKeyType":1,"closed":1687850144719,"used":1687850144649,"created":1687850144649,"remoteIdentityKey":"BdxRK+kcDfyu5gfwKH6TPU+uhx7/YkZ4SaGubD4+6kNB"},"_chains":{"BRN4IjlsyneglhF09imT2vg3Kw1jTJzRs12kqCh/9kA2":{"chainKey":{"counter":0,"key":"oO+63Jdy7cJCT/RhdrSrj9tn0cXiwFNISK1bc9FO3MM="},"chainType":1,"messageKeys":{}}},"pendingPreKey":{"signedKeyId":1,"baseKey":"Bd4vft6OZXoqkVJMSVFTIq4m+u+XbUlWM/CTxWIADPV8","preKeyId":9010930}},"BcuWPr190/ayJn5bwEjxVa8sFLxia10Z5RW3HbINuA0M":{"registrationId":1580008623,"currentRatchet":{"ephemeralKeyPair":{"pubKey":"BSJV3rur0iCrz94WEyuTasHM6Y2UTXOpEhD09B0JPo8S","privKey":"YJzRU0JVpZP7+Rl3qPihk1XGA37ZSNx++Ky9DvwV4mc="},"lastRemoteEphemeralKey":"BWTtDCDQ9gCBmsOhQ3PdnMIfH6olwSt0A4vSpigih54Y","previousCounter":0,"rootKey":"TKfvB4PvtKJ+ASFhs2N46bB3u56JSBbNChIFPu40U1Q="},"indexInfo":{"baseKey":"BcuWPr190/ayJn5bwEjxVa8sFLxia10Z5RW3HbINuA0M","baseKeyType":1,"closed":1687850144750,"used":1687850144717,"created":1687850144717,"remoteIdentityKey":"BdxRK+kcDfyu5gfwKH6TPU+uhx7/YkZ4SaGubD4+6kNB"},"_chains":{"BSJV3rur0iCrz94WEyuTasHM6Y2UTXOpEhD09B0JPo8S":{"chainKey":{"counter":-1,"key":"cWimT9JSvdUed+GDqOU9aEr6gfE12i4rmHMBVppGtZw="},"chainType":1,"messageKeys":{}}},"pendingPreKey":{"signedKeyId":1,"baseKey":"BcuWPr190/ayJn5bwEjxVa8sFLxia10Z5RW3HbINuA0M","preKeyId":9010670}},"BUqhUxxD/e53T3hnJ3C8OxsFvoX1RxYitlsdan/snt9O":{"registrationId":1580008623,"currentRatchet":{"ephemeralKeyPair":{"pubKey":"BUwh+vJ4UheXce2aUs0aAez/3yMw/XFD8DqPAG5VdDhd","privKey":"IMk2P7H56WUgptvvNS/y5YsrUG6Ya6acyr+KFk+NDHY="},"lastRemoteEphemeralKey":"BWTtDCDQ9gCBmsOhQ3PdnMIfH6olwSt0A4vSpigih54Y","previousCounter":0,"rootKey":"GUTmXCKc6CXaAv+1I6YDiA9rvPnvSQYvfenNSlbpDIY="},"indexInfo":{"baseKey":"BUqhUxxD/e53T3hnJ3C8OxsFvoX1RxYitlsdan/snt9O","baseKeyType":1,"closed":1687850144782,"used":1687850144748,"created":1687850144748,"remoteIdentityKey":"BdxRK+kcDfyu5gfwKH6TPU+uhx7/YkZ4SaGubD4+6kNB"},"_chains":{"BUwh+vJ4UheXce2aUs0aAez/3yMw/XFD8DqPAG5VdDhd":{"chainKey":{"counter":-1,"key":"SgFhiKgegbqdR7zGVo9GdernzNOfu0B/1CCIbIrq3oE="},"chainType":1,"messageKeys":{}}},"pendingPreKey":{"signedKeyId":1,"baseKey":"BUqhUxxD/e53T3hnJ3C8OxsFvoX1RxYitlsdan/snt9O","preKeyId":9010806}},"Bcwo/1UYOmsoNBpZczwgqofcKxljgw8OQV6DmNHh0n0Q":{"registrationId":1580008623,"currentRatchet":{"ephemeralKeyPair":{"pubKey":"BSokvwxCzSVyt5gZ/5aPCyvLUImdGumt5hSChaavKwYI","privKey":"gPozGQipdK/qKmqrShzXIwYHoWHAz8L+k5jvXk4eJX0="},"lastRemoteEphemeralKey":"BWTtDCDQ9gCBmsOhQ3PdnMIfH6olwSt0A4vSpigih54Y","previousCounter":0,"rootKey":"+5ey847kvvhUC/p6ALgPfnGDw7wI0D1lmR3VnVpm6rw="},"indexInfo":{"baseKey":"Bcwo/1UYOmsoNBpZczwgqofcKxljgw8OQV6DmNHh0n0Q","baseKeyType":1,"closed":1687850144818,"used":1687850144779,"created":1687850144779,"remoteIdentityKey":"BdxRK+kcDfyu5gfwKH6TPU+uhx7/YkZ4SaGubD4+6kNB"},"_chains":{"BSokvwxCzSVyt5gZ/5aPCyvLUImdGumt5hSChaavKwYI":{"chainKey":{"counter":-1,"key":"kZTRw1wLZ7mivlP7ucrg+7StU8H/Z8ML2BbumFQQ3+w="},"chainType":1,"messageKeys":{}}},"pendingPreKey":{"signedKeyId":1,"baseKey":"Bcwo/1UYOmsoNBpZczwgqofcKxljgw8OQV6DmNHh0n0Q","preKeyId":9010981}},"BcyopYienwiwT35V5lIVbHWxHVyBVEz01h+o3cmPvyci":{"registrationId":1580008623,"currentRatchet":{"ephemeralKeyPair":{"pubKey":"Bc/sUbVKCvFcKALGKKTPDzBwsy7rKVa8H1xCZH97qGsn","privKey":"oGR4F0h9xEcNJXELIXAnTlYf/LgGa7G416ZQ9QLVLUo="},"lastRemoteEphemeralKey":"BWTtDCDQ9gCBmsOhQ3PdnMIfH6olwSt0A4vSpigih54Y","previousCounter":0,"rootKey":"7yfOjpM6SEmFJBwYPKPF2Rcq03GKRuRDQ1daq5YypbI="},"indexInfo":{"baseKey":"BcyopYienwiwT35V5lIVbHWxHVyBVEz01h+o3cmPvyci","baseKeyType":1,"closed":1687850144884,"used":1687850144815,"created":1687850144815,"remoteIdentityKey":"BdxRK+kcDfyu5gfwKH6TPU+uhx7/YkZ4SaGubD4+6kNB"},"_chains":{"Bc/sUbVKCvFcKALGKKTPDzBwsy7rKVa8H1xCZH97qGsn":{"chainKey":{"counter":3,"key":"g+QEqIF3XXvFXA/WDKI0eXsQSz3go6ylpb3zhq+LSOE="},"chainType":1,"messageKeys":{}}},"pendingPreKey":{"signedKeyId":1,"baseKey":"BcyopYienwiwT35V5lIVbHWxHVyBVEz01h+o3cmPvyci","preKeyId":9010975}},"BQpB2IKfwD8iMsTHvfb1mZDCVKzu+SCvqMZxb9SJtDFu":{"registrationId":1580008623,"currentRatchet":{"ephemeralKeyPair":{"pubKey":"Bf0bN9G7z+si7qBS6cDu3rs5gC9GV388Sw0bdxDzHZBu","privKey":"6KvnfriOqh9hfHgt8U/xhysL5wM6WYSOk9PGuogkE2M="},"lastRemoteEphemeralKey":"BWTtDCDQ9gCBmsOhQ3PdnMIfH6olwSt0A4vSpigih54Y","previousCounter":0,"rootKey":"plX8PHHWOYqDR2lIYoOxVZUNByXy/pYYD7Kn14n2b0E="},"indexInfo":{"baseKey":"BQpB2IKfwD8iMsTHvfb1mZDCVKzu+SCvqMZxb9SJtDFu","baseKeyType":1,"closed":1687850144916,"used":1687850144881,"created":1687850144881,"remoteIdentityKey":"BdxRK+kcDfyu5gfwKH6TPU+uhx7/YkZ4SaGubD4+6kNB"},"_chains":{"Bf0bN9G7z+si7qBS6cDu3rs5gC9GV388Sw0bdxDzHZBu":{"chainKey":{"counter":-1,"key":"OxLtSN6VpqDEmbxD69lQ4TmReEz5Xs2u2cbOq+F3MQM="},"chainType":1,"messageKeys":{}}},"pendingPreKey":{"signedKeyId":1,"baseKey":"BQpB2IKfwD8iMsTHvfb1mZDCVKzu+SCvqMZxb9SJtDFu","preKeyId":9010841}},"Bftubfc2gaRO1Hyom61MPZ/788tryuetbAYFBlB20cQF":{"registrationId":1580008623,"currentRatchet":{"ephemeralKeyPair":{"pubKey":"BTWwaLkjcqJvfLN26tOSjW7KPm/EG8+pzNA85jo/mDk/","privKey":"YEU+dNXHvZbUKDESEY0SgNPp6l3FDV0VLfFW9S3bmXc="},"lastRemoteEphemeralKey":"BWTtDCDQ9gCBmsOhQ3PdnMIfH6olwSt0A4vSpigih54Y","previousCounter":0,"rootKey":"l0TapDyOvhwaMZHd0FMpzg2WcJ06neiDy2Ea1Vh60zM="},"indexInfo":{"baseKey":"Bftubfc2gaRO1Hyom61MPZ/788tryuetbAYFBlB20cQF","baseKeyType":1,"closed":1687850144959,"used":1687850144913,"created":1687850144913,"remoteIdentityKey":"BdxRK+kcDfyu5gfwKH6TPU+uhx7/YkZ4SaGubD4+6kNB"},"_chains":{"BTWwaLkjcqJvfLN26tOSjW7KPm/EG8+pzNA85jo/mDk/":{"chainKey":{"counter":1,"key":"fYKgFeplm+s6YsVpd1a+odR7A2XzSgGUBQhi90RUpSM="},"chainType":1,"messageKeys":{}}},"pendingPreKey":{"signedKeyId":1,"baseKey":"Bftubfc2gaRO1Hyom61MPZ/788tryuetbAYFBlB20cQF","preKeyId":9010671}},"BWt8Au42ns2xdyDVr/3r7c6itQdxbL91lu0x+7F+Uilh":{"registrationId":1580008623,"currentRatchet":{"ephemeralKeyPair":{"pubKey":"BRkngCrh5w514ETW571dga4vGfTZPxtPcF1HDWZDhuBB","privKey":"uMc+m44pGIjrNIAj/Ay8KCo1paJkVqsW10ipiLfIiHs="},"lastRemoteEphemeralKey":"BWTtDCDQ9gCBmsOhQ3PdnMIfH6olwSt0A4vSpigih54Y","previousCounter":0,"rootKey":"c6n4RG6t5Rmv7hHlpJTJI+n7snZU7kHe2U+WXj2eN98="},"indexInfo":{"baseKey":"BWt8Au42ns2xdyDVr/3r7c6itQdxbL91lu0x+7F+Uilh","baseKeyType":1,"closed":1687850145008,"used":1687850144957,"created":1687850144957,"remoteIdentityKey":"BdxRK+kcDfyu5gfwKH6TPU+uhx7/YkZ4SaGubD4+6kNB"},"_chains":{"BRkngCrh5w514ETW571dga4vGfTZPxtPcF1HDWZDhuBB":{"chainKey":{"counter":0,"key":"1mFOyEBC/s25i/DOAA+DXeM/Yrj72grAoU3bF9F/T2c="},"chainType":1,"messageKeys":{}}},"pendingPreKey":{"signedKeyId":1,"baseKey":"BWt8Au42ns2xdyDVr/3r7c6itQdxbL91lu0x+7F+Uilh","preKeyId":9010919}},"BWPlm9wbppDItAT82ppv3GfRah9VEcwzi3S82NaUERdU":{"registrationId":1580008623,"currentRatchet":{"ephemeralKeyPair":{"pubKey":"Beuop+VdLOWzPuOtznTZyh1JVV9a16UjJioRgM2nhhVx","privKey":"MMpWT5+LuaDtYvk6eNe1OwyM+N91J0wuadnfyIRGFFI="},"lastRemoteEphemeralKey":"BWTtDCDQ9gCBmsOhQ3PdnMIfH6olwSt0A4vSpigih54Y","previousCounter":0,"rootKey":"rDjvGVlzeYQULcP4XtFk8KWbrqkiwfAjehzuWxpYx0M="},"indexInfo":{"baseKey":"BWPlm9wbppDItAT82ppv3GfRah9VEcwzi3S82NaUERdU","baseKeyType":1,"closed":1687850145047,"used":1687850145006,"created":1687850145006,"remoteIdentityKey":"BdxRK+kcDfyu5gfwKH6TPU+uhx7/YkZ4SaGubD4+6kNB"},"_chains":{"Beuop+VdLOWzPuOtznTZyh1JVV9a16UjJioRgM2nhhVx":{"chainKey":{"counter":0,"key":"JL+RfqY1DWlGWBsM7A0BGw+4HoS/JtYwq+WIL8/3ca0="},"chainType":1,"messageKeys":{}}},"pendingPreKey":{"signedKeyId":1,"baseKey":"BWPlm9wbppDItAT82ppv3GfRah9VEcwzi3S82NaUERdU","preKeyId":9011074}},"BVdIXcmwdWnm16WRT6Tg5kOESG6fwTIDiJUbROjfxgsv":{"registrationId":1580008623,"currentRatchet":{"ephemeralKeyPair":{"pubKey":"BSQ3p7x79Msj0KRQRMt9LaHqj4KPKKauEHsY/EWUW2Ue","privKey":"YN0DshkNGqQpo70sStzWoNlnU3e4xhGPyS3P056fsGs="},"lastRemoteEphemeralKey":"BacAKp4pUmnSw2zeaZfy7vTj9UI9Gh+3iXhiN2l7eWUc","previousCounter":11,"rootKey":"M9vD5KCx+vqq38dToh4dTq26IQro8bp2nxzc53eggXo="},"indexInfo":{"baseKey":"BVdIXcmwdWnm16WRT6Tg5kOESG6fwTIDiJUbROjfxgsv","baseKeyType":1,"closed":-1,"used":1687957238640,"created":1687850145045,"remoteIdentityKey":"BdxRK+kcDfyu5gfwKH6TPU+uhx7/YkZ4SaGubD4+6kNB"},"_chains":{"BacAKp4pUmnSw2zeaZfy7vTj9UI9Gh+3iXhiN2l7eWUc":{"chainKey":{"counter":0,"key":"GDRFFS7feo9h5VqfWSJSk62JZaKbpcuyTnvElUOh35g="},"chainType":2,"messageKeys":{}},"BSQ3p7x79Msj0KRQRMt9LaHqj4KPKKauEHsY/EWUW2Ue":{"chainKey":{"counter":-1,"key":"RBHUxka75sHQKPp2EfRO6bh0OqFoX04yTTaAVnN00jA="},"chainType":1,"messageKeys":{}}}}},"version":"v1"}