{"_sessions":{"BWhXn5tXTwZZnangmh7gx5ZMky0uPrfyZ0hd3eX8HLQ1":{"registrationId":62531445,"currentRatchet":{"ephemeralKeyPair":{"pubKey":"BQ9/y8vEye1fzWRDTVTBopi0D/LHTH1iniPNuyQllxED","privKey":"OPMEMyPn1v1erMHXKibFKY7//OZRAegzHQvhJw/zE0k="},"lastRemoteEphemeralKey":"BYAhrEcqmS2vwZHZ1DC8jbg7se1RA3+RW9lhJNl2Dv03","previousCounter":0,"rootKey":"JWEbjXO1DaJ4AyvrSuZHya7W5MKsfMZ3kY0EeiQAOik="},"indexInfo":{"baseKey":"BWhXn5tXTwZZnangmh7gx5ZMky0uPrfyZ0hd3eX8HLQ1","baseKeyType":1,"closed":-1,"used":1688205666292,"created":1688205649127,"remoteIdentityKey":"Bd3HTnSeHD9jse4W90/xT7GWkQmnCGeswuaiYutgZIhu"},"_chains":{"BYAhrEcqmS2vwZHZ1DC8jbg7se1RA3+RW9lhJNl2Dv03":{"chainKey":{"counter":0,"key":"F7pvvCms/0yjzTleBsvgmL2v9iN1JSiiM+6q2+CnoRU="},"chainType":2,"messageKeys":{}},"BQ9/y8vEye1fzWRDTVTBopi0D/LHTH1iniPNuyQllxED":{"chainKey":{"counter":-1,"key":"YnpQFrSeeB6nMUULH/F5xbcCsDmzS64UezbZcYPIiJM="},"chainType":1,"messageKeys":{}}}}},"version":"v1"}