{"_sessions":{"BUZQ2Y3QEhw05cAxlA4UB/KrAS0bj8CtNyduiWAa+AtM":{"registrationId":1093620804,"currentRatchet":{"ephemeralKeyPair":{"pubKey":"BWGeMLk19fK1B+3pAVZ0/oJP+M6onmQMYEVxd/DsfcET","privKey":"EEH2tPo+Sp+7QMzTzV9fkOIUPdoZcK557XOD1WQDp3M="},"lastRemoteEphemeralKey":"BYWE0mppkJLfM47ekkh3dZq7iPACaDNKo8TqiqHEPCpw","previousCounter":0,"rootKey":"ldJIZZUpMMnaknRhqoz0XbfMSwaV88w5mMSWw0gbb9c="},"indexInfo":{"baseKey":"BUZQ2Y3QEhw05cAxlA4UB/KrAS0bj8CtNyduiWAa+AtM","baseKeyType":1,"closed":-1,"used":1688205688553,"created":1688205667531,"remoteIdentityKey":"BYAh9v5lpyknEel8au6VXvem7b+okMRiv5s/Hruq3Ztw"},"_chains":{"BYWE0mppkJLfM47ekkh3dZq7iPACaDNKo8TqiqHEPCpw":{"chainKey":{"counter":0,"key":"7Y3ieuVKXyly/I6LaLgJBHIMHDeJDzkEzg4DeVgQmUI="},"chainType":2,"messageKeys":{}},"BWGeMLk19fK1B+3pAVZ0/oJP+M6onmQMYEVxd/DsfcET":{"chainKey":{"counter":-1,"key":"Y5cg+o8GfB1awsPPE1pSIso1gmKKJn1ouhKKCRQm8j0="},"chainType":1,"messageKeys":{}}}}},"version":"v1"}