{"_sessions":{"BcYqy+VH3zqliEkm3eBVsZWlSmq+qxsreW+nRF6k+Oo6":{"registrationId":1930151804,"currentRatchet":{"ephemeralKeyPair":{"pubKey":"BXumU1YO0TMW0KoQaI/EMUPRwwcsfNeFoMZiwftutvZi","privKey":"mHArH+ePxgH3ydaqfvRUsIev3ZwnCRJcLxGqYqN3m0E="},"lastRemoteEphemeralKey":"BULsASCcV9X6V0YSaf3v0pdeMtClQi9+smNT9Jb8BKph","previousCounter":0,"rootKey":"kMe4pDH1/PK7YbSMBnYJJb6lFGsGYeQ3sdGtHRlc/gA="},"indexInfo":{"baseKey":"BcYqy+VH3zqliEkm3eBVsZWlSmq+qxsreW+nRF6k+Oo6","baseKeyType":1,"closed":-1,"used":1687937933755,"created":1687937933755,"remoteIdentityKey":"BbPHvx2alRQqybuReS8bZSPjJ6VGp8vUZ1ZN5girfG13"},"_chains":{"BXumU1YO0TMW0KoQaI/EMUPRwwcsfNeFoMZiwftutvZi":{"chainKey":{"counter":0,"key":"IrLQrY0sLZmswTT4H1kgZFREQdLGiZaYurOIjZJL7WE="},"chainType":1,"messageKeys":{}}},"pendingPreKey":{"signedKeyId":30,"baseKey":"BcYqy+VH3zqliEkm3eBVsZWlSmq+qxsreW+nRF6k+Oo6","preKeyId":7562776}}},"version":"v1"}