{"_sessions":{"BU+HZ3Mx2D8kcCcjgR3KXMOkHB5R9m9FntUZjOzsVpEK":{"registrationId":861303697,"currentRatchet":{"ephemeralKeyPair":{"pubKey":"BXVRSEHHcNZYi+YhnozaNGlf6BKBQnfHzDaq5qliaPJV","privKey":"kIpEnrSq+WB6gpx4zMnOeCPpEWVeUamuzgwbUF6JcG8="},"lastRemoteEphemeralKey":"BWLg8RA87Cimb3zkn4QPAgubWRrkwsRsZMlhwZQmHeEW","previousCounter":0,"rootKey":"YJ//hAkOlciejNqGvLoVHmiKOlamdznuGdC/ayq7o1w="},"indexInfo":{"baseKey":"BU+HZ3Mx2D8kcCcjgR3KXMOkHB5R9m9FntUZjOzsVpEK","baseKeyType":2,"closed":-1,"used":1688362471089,"created":1688362471089,"remoteIdentityKey":"BQWCwF+2D/sJq5VVP+DiKk4SxNDCY52Y/eVHuL3tlusE"},"_chains":{"BWLg8RA87Cimb3zkn4QPAgubWRrkwsRsZMlhwZQmHeEW":{"chainKey":{"counter":0,"key":"TbvuCoRnHrANQ6SJ3bTjFibO3ZXeOZv+1NG7cQpXzH0="},"chainType":2,"messageKeys":{}},"BXVRSEHHcNZYi+YhnozaNGlf6BKBQnfHzDaq5qliaPJV":{"chainKey":{"counter":-1,"key":"rY0JNCCZazKfQlvKp7eRIzTy9ZZSRNiVnHq+t4KA/10="},"chainType":1,"messageKeys":{}}}}},"version":"v1"}