{"_sessions":{"Bc0Pogru/rjp7sz/LdcLdNGw04NNaAZVuZqm2xK2vvxf":{"registrationId":41,"currentRatchet":{"ephemeralKeyPair":{"pubKey":"BUjO+G3xjSg5k217rfeelmiKftPmOnStxy5VI48EszUg","privKey":"oGvXjTMn2/OHKtvYxxc0RUF3uAmd5xLu3HvPZtLPYU8="},"lastRemoteEphemeralKey":"Bc7lVk5a+7XhTWqXSBznxPl3hY66RkKW0osfQk21As9v","previousCounter":0,"rootKey":"In5nC6W6QukaXJPGaUBpLBPoo+r1K24EanD0zc5fYsE="},"indexInfo":{"baseKey":"Bc0Pogru/rjp7sz/LdcLdNGw04NNaAZVuZqm2xK2vvxf","baseKeyType":1,"closed":-1,"used":1687937933737,"created":1687937933737,"remoteIdentityKey":"BUIAkEw9njIN13hY3RU1eDXH4TzzmTOIztumA80zNv9w"},"_chains":{"BUjO+G3xjSg5k217rfeelmiKftPmOnStxy5VI48EszUg":{"chainKey":{"counter":0,"key":"cIgcfnrA15dP0/Qxqft1AIlHqJ38bqF1qn6fSl6AEwE="},"chainType":1,"messageKeys":{}}},"pendingPreKey":{"signedKeyId":1,"baseKey":"Bc0Pogru/rjp7sz/LdcLdNGw04NNaAZVuZqm2xK2vvxf"}}},"version":"v1"}