{"_sessions":{"Bcx/9D99HmaLbPB3L+5+YL/wLHqqHNFwtuTqo2tlxDEZ":{"registrationId":51,"currentRatchet":{"ephemeralKeyPair":{"pubKey":"BStDSvyuQE+i2HVFk0BU9RWxCeRHe3oSr22iIxFu17Rk","privKey":"SMn057E1460X26eev2dC1mgfFU7ljcKIilnZTbfJBH0="},"lastRemoteEphemeralKey":"BTn6CfOlp28G7W/i4tc174DLka30ry+fpR7TjfAhxWYr","previousCounter":41,"rootKey":"UxDLfFbmxXufbD6NnNgYIsiMVsig6n1v4cdpK0LjjPQ="},"indexInfo":{"baseKey":"Bcx/9D99HmaLbPB3L+5+YL/wLHqqHNFwtuTqo2tlxDEZ","baseKeyType":1,"closed":-1,"used":1687934483182,"created":1687849486117,"remoteIdentityKey":"Bbd5cK2+LMVct2XExPJcOSz9s5AthmrvIxpvUnl+EBks"},"_chains":{"BTn6CfOlp28G7W/i4tc174DLka30ry+fpR7TjfAhxWYr":{"chainKey":{"counter":25,"key":"CRElboDoPOcRGoZwCWAntu4YjO8BVcRhKw6eUwxT0yI="},"chainType":2,"messageKeys":{}},"BStDSvyuQE+i2HVFk0BU9RWxCeRHe3oSr22iIxFu17Rk":{"chainKey":{"counter":36,"key":"t7Vq4iT+XvSeluxFF/OW3dlnzITTPpLdY0x7JQuM8r0="},"chainType":1,"messageKeys":{}}}}},"version":"v1"}