{"_sessions":{"BW0daMRa3L2/ftDx4xALjnhkktHIHsoKBDIrt1iRgh0+":{"registrationId":840063255,"currentRatchet":{"ephemeralKeyPair":{"pubKey":"BUoERF8WFLHnHFFPbznPSTeUAcO9nAUhWxFpfn8/2O03","privKey":"cEbEfxqMCWeIO54kYwG4d2kfyCmM2HQmTy8mqmcA/2Q="},"lastRemoteEphemeralKey":"BXWE9vGWN0b6GAIl1ooBaWOPUpOh2dLQYBscOWbYplsQ","previousCounter":0,"rootKey":"sG/klbWWSLj5GYWcvED44RT2c6rhPyZ8ITB0bp/dEnY="},"indexInfo":{"baseKey":"BW0daMRa3L2/ftDx4xALjnhkktHIHsoKBDIrt1iRgh0+","baseKeyType":1,"closed":-1,"used":1687957238387,"created":1687937933773,"remoteIdentityKey":"BfR9/yjg0rIC+OjBek6fbXIKKH9VW9K7SejslYw9FlUw"},"_chains":{"BXWE9vGWN0b6GAIl1ooBaWOPUpOh2dLQYBscOWbYplsQ":{"chainKey":{"counter":0,"key":"hNO5z4EdUIzAmnhr+iQGfjqszyxpuFLpnYzGmq9n/mw="},"chainType":2,"messageKeys":{}},"BUoERF8WFLHnHFFPbznPSTeUAcO9nAUhWxFpfn8/2O03":{"chainKey":{"counter":-1,"key":"Wlq18YfYqqJUYwli1rb31un8F2olCvhQ6iSjsxybhEU="},"chainType":1,"messageKeys":{}}}}},"version":"v1"}