{"_sessions":{"BYTpyiyl2XnV5PdU8WSRPvTfCL2ni2B7W815q7N+SpJA":{"registrationId":255916974,"currentRatchet":{"ephemeralKeyPair":{"pubKey":"BSBCVYnT+gnqojlD/aVov62XaHr9aDwb6xYcgnnew5Z2","privKey":"IA7VnryNdTuQXcRfYWfsOErtnNEc1r5D98UonlVeCnI="},"lastRemoteEphemeralKey":"BcK2QAJeXXldWyXFezcmw8z9eiqEOf+lZb3Bx5fIDWNo","previousCounter":0,"rootKey":"FFcCG7FbQdny+jX3+anjHGpDhPfmQHyo1bakR8p8R9k="},"indexInfo":{"baseKey":"BYTpyiyl2XnV5PdU8WSRPvTfCL2ni2B7W815q7N+SpJA","baseKeyType":2,"closed":-1,"used":1688362471264,"created":1687849482779,"remoteIdentityKey":"BV2XJegXe7trtu4pSA0YMlVIpILmaweMGT173yGlv2Bc"},"_chains":{"BQ4FHYRq4pQYqNvge932p6gA+UhlmFx/XHz0Ctu3/bdb":{"chainKey":{"counter":0},"chainType":2,"messageKeys":{}},"BZ+atj3A/8JdX1UdfGvme/b+GvpcM1uhwU/IoAaWeBgd":{"chainKey":{"counter":4},"chainType":2,"messageKeys":{}},"BSQlX4u7qqi5wj6B1UHEmxLMqtR8ZZ5Rpyzo+qTjTqkj":{"chainKey":{"counter":2},"chainType":2,"messageKeys":{}},"BdCuNRgHw32Zx3TDAsz/6WigLQU86IkLC/95rGWZQYUg":{"chainKey":{"counter":0},"chainType":2,"messageKeys":{}},"BX7+g/VM4KHwhy1n1sVLWH4i0cpzjbi+7KxBHlkIw+AN":{"chainKey":{"counter":0},"chainType":2,"messageKeys":{}},"BbKedIbQwePvs6WvYtDdnp4YkV5Tg/r6Wg3MK/8k9wM7":{"chainKey":{"counter":0},"chainType":2,"messageKeys":{}},"BcsENYnQ0NkhDoUYSNID8c1VubjAlmcDorcd/VfY0jcl":{"chainKey":{"counter":157},"chainType":2,"messageKeys":{"1":"KDVQZmlQCwNDKtUs9kWZSkGFnUM2fSEB9nhdIAjS0Yc=","2":"GyAsTZCdYgbUc8Bak8CkULDufT+h/ph/T66l4s/lRIg=","4":"REdykRsid+CZfulA8q8qrJO7ydEpQQ/Ynm0aOW2Tc8w=","5":"bWYQYAn1xWmQl7CJANfzygs8sTOr/qkw4pN9QDa3oUo=","11":"NZpDDCIIOrnup62Jiufm8XtVaOWAjRYSFnJaAYKc76I=","14":"YkozYbaWQQ+vH5JqYezeTblMCUencbqCb2qr6Io5t8M=","18":"k5U9vSJus9eMf10nGYEm3/3VP04NfziJGS12d/gRnmo=","21":"MNan3e4Ns89Fv9ZaFreKQq79iT6yVNAP0DAU8Gexh2k=","22":"nSyM1ZHHxnLgnZW2U20y61UbkrF3CMbcEu843aCq8Z4=","27":"8byI4VYTY40Egn9mmfKFDqxhB8L/0cyeyVI0zPH0QrQ=","44":"ZCB+cX4sOkcB74vd3i38AERcrMJLKRyQiPpzA9OI+KA=","46":"gUCLhpzFYv2rBqJMAvrQoN02zkU+JFpI2U5qjCEt7Sw=","48":"/SdKnu2ELmjI6G345sB9b1UTzF+r1Bkd/yU9TNLeOLA=","53":"jVH6X9+VseCPiRrnVk43gfMklsyBSSmdrFiRoQj/umE=","63":"L4OnhrMs/x0KK1ceRCi7Wg1s5h7J4ZGXIYqPv5PGSOk=","65":"reqiYoOzQKVSnnayb+eaNYU4M+aUhrswLxqdeDWyaBM=","66":"bOn5c3SSKXTePmQ+vfQjZ0lD4m+jnpukMTzb5q8qvoM=","72":"Uy19ajCJ+uNeOaR5BJpp1WSvs2XIVHTJ+vJMQKgGtmk=","73":"VD96UkPsceyB9vY/U3kwNTsu05EFuBx4hgIDbHL/vwQ=","76":"qnj36Rexc9wJjVYv5CrRfEmwg+WO1dUu7rEGeD19cvw=","78":"kf5o7w1COd04DvxV4WKcCEDr3Fv97cD0UGeTjlUgbJA=","80":"3Z2XltZHvEE9DgAE5N2Mpb6qojDx4blgyn+vMIK8Ins=","86":"8zTXSLmKnyS5Wju9w1ZftX7SCiBIybu1NSm9yIDoRac=","106":"+TEJB8de6ZaYLA628ojRVsrVixup6BmGiaoLKBZBmmE=","116":"2VfTDOXt62MsIHLu57RBDrELJqeuSqrPlyNWeRugBhE=","124":"xGLPov3qzKM7KqznpRqPf31dF3LV/uVRGLsCkrJxTZQ=","131":"60oJSzYQ5k8jHLfbAkWwifPQ8spySAi/k8Y4059u/S4=","132":"p9yadMRrugb+/hP5U2N+SyyGQjfl77lAyyELbsEnjE0=","133":"c19AC6i/ImGjK1xG5DMT/bXFz8ZPSIrWwDKRtvkvi/4=","135":"txunrnUAFHl8R/7908cBU1UNJkTeDZ8eWXvMFuOTJs4=","138":"kVSKOO8pWucDZR37NmNVN76WPf7CmGta/eKhW6cHeE0=","142":"YWYvUwF33eZTnV8XcRyr+rgWg1VFznZahYwzdPsAJ9E=","145":"jxN7WZ1uTzn0lExRoIN6Gy3zjXogW80BW9zTtolutAA=","149":"0RO0n+wYSWyA6QAvX6fpom4wOcUhUjEyEOO7qZRi6m4=","151":"VV6rXvTp04cURNTvts6OMyOF+8BrYgx1YZxwT9KgbI4=","152":"okX8oBV+fkMSKrA1vjl4tWeEibyAZ6l6MQKrMBy4evo="}},"BZMUFjtMiayhDwWVxnvKcroXMYL5Q79geKGJzZHtrngw":{"chainKey":{"counter":0},"chainType":2,"messageKeys":{}},"BcK2QAJeXXldWyXFezcmw8z9eiqEOf+lZb3Bx5fIDWNo":{"chainKey":{"counter":26,"key":"N2cti6kcdkwE2Fw/QJAEbGo13lqGeL3D7ihWexLnwW4="},"chainType":2,"messageKeys":{"12":"xO0DgsReGI6ny3oMhQlhAHuObTuNxMhr5jPfC1UUV6o=","18":"vjem+eb5idID/FQEPtTnIWw0ksHiPyoQUVb3uZQTQCw=","20":"3DyaHYG2TefySPxmvSBbPd/anqciDZ/pyLs07HqXqwc="}},"BSBCVYnT+gnqojlD/aVov62XaHr9aDwb6xYcgnnew5Z2":{"chainKey":{"counter":-1,"key":"FF+hEvg4CA7bjVi1mWVi8/p/0sTK+p2Euk9hqRE8mgQ="},"chainType":1,"messageKeys":{}}}}},"version":"v1"}