{"_sessions":{"BfaGDlWR6SBMvnwIAwAbcBqsdcCNnjQUcxRNjztzlNJV":{"registrationId":1894896951,"currentRatchet":{"ephemeralKeyPair":{"pubKey":"BTtcdfcA8kjoPcOFshODy8Hw0B3OhHmRjhlpg8gqen9g","privKey":"8G7v6s7LTB/B3g7IFIZ2kgToQFWwsrCJDjFZr2NfPU0="},"lastRemoteEphemeralKey":"BS2UIDN4UUC3lw6S2dxit38ASMcRfEK7HpN/rwaMOqs/","previousCounter":0,"rootKey":"yi2xWaXpp4oNVbTarrOOeCJ6u66KdEof/HGmX7vWZNo="},"indexInfo":{"baseKey":"BfaGDlWR6SBMvnwIAwAbcBqsdcCNnjQUcxRNjztzlNJV","baseKeyType":2,"closed":-1,"used":1687849464689,"created":1687849464689,"remoteIdentityKey":"BW2qKnk0o/6YcBIGv/sl7vVlip2O9Pg/qnEI3awA9soE"},"_chains":{"BS2UIDN4UUC3lw6S2dxit38ASMcRfEK7HpN/rwaMOqs/":{"chainKey":{"counter":7,"key":"3pYPCrPGdjYDm0avrT1oyr7dIO1/6Os6DZEmIRw+i4A="},"chainType":2,"messageKeys":{}},"BTtcdfcA8kjoPcOFshODy8Hw0B3OhHmRjhlpg8gqen9g":{"chainKey":{"counter":148,"key":"JQC/mH+TXjjM80aiXVWRFj/DdM1KBshX5e/ITQrlK/Y="},"chainType":1,"messageKeys":{}}}}},"version":"v1"}