{"_sessions":{"BWxUfuwrHqGhtbXCKJQoh0QQ0P+5eHmdwT90qIbyfRku":{"registrationId":1384690637,"currentRatchet":{"ephemeralKeyPair":{"pubKey":"BZPYiUW+VnkEDDW0zfiQBrmNEzkc/Uk6SX49DXkGFM9e","privKey":"WLRzHiUigyv/HDeMMkQS1YARMfzHz+wfxyPT/tUlLE8="},"lastRemoteEphemeralKey":"BTPkyH/xnqtWInpga/DE3fL7CvSqW+6eLrrEkX3Js3RG","previousCounter":0,"rootKey":"AOcAo30tF6Lkd7V7farT1Fo2q3XgaFS6IaOiOYX3oR8="},"indexInfo":{"baseKey":"BWxUfuwrHqGhtbXCKJQoh0QQ0P+5eHmdwT90qIbyfRku","baseKeyType":1,"closed":-1,"used":1688205541752,"created":1687937933746,"remoteIdentityKey":"BemuTUWE54SRli18ZcBdoOq6CSO3CcPx59mTsYalisdb"},"_chains":{"BTPkyH/xnqtWInpga/DE3fL7CvSqW+6eLrrEkX3Js3RG":{"chainKey":{"counter":1,"key":"cPpmiQSbDjNhR8TuF1ZAr0SuJq298lrhnu5MnWV1PZw="},"chainType":2,"messageKeys":{}},"BZPYiUW+VnkEDDW0zfiQBrmNEzkc/Uk6SX49DXkGFM9e":{"chainKey":{"counter":-1,"key":"vk4j21S0aG9nHRIuvfcXKK9nviJdDpUuVA7DqmmOLQ4="},"chainType":1,"messageKeys":{}}}}},"version":"v1"}